nro;nro_f;uniorcam;orcada;realizada;rv;receita;tipo_nivel;nivel;cp;atualizada
10000000000000000000;1.0.0.0.00.0.0.00.00.00;201;29.763.633,44;25.331.886,83;0;"Receitas Correntes";S;1;0;30.803.991,22
11000000000000000000;1.1.0.0.00.0.0.00.00.00;201;2.554.608,77;2.391.931,44;0;"Impostos, Taxas e Contribuicoes de Melhoria";S;2;0;2.821.608,77
11100000000000000000;1.1.1.0.00.0.0.00.00.00;201;2.513.580,64;2.320.371,54;0;Impostos;S;3;0;2.780.580,64
11130000000000000000;1.1.1.3.00.0.0.00.00.00;201;657.713,94;495.138,65;0;"Impostos sobre a Renda e Proventos de Qualquer Natureza";S;4;0;657.713,94
11130300000000000000;1.1.1.3.03.0.0.00.00.00;201;657.713,94;495.138,65;0;"Imposto sobre a Renda - Retido na Fonte";S;5;0;657.713,94
11130310000000000000;1.1.1.3.03.1.0.00.00.00;201;657.713,94;465.640,90;0;"Imposto sobre a Renda - Retido na Fonte - Trabalho";S;6;0;657.713,94
11130311000000000000;1.1.1.3.03.1.1.00.00.00;201;657.713,94;465.640,90;0;"Imposto sobre a Renda - Retido na Fonte - Trabalho - Principal";S;6;0;657.713,94
11130311010000000000;1.1.1.3.03.1.1.01.00.00;201;559.990,05;370.226,69;0;"IRRF sobre Rendimentos do  Trabalho - Principal  - Ativos/Inativos do Poder Executivo/Indiretas";S;7;0;559.990,05
11130311010100000000;1.1.1.3.03.1.1.01.01.00;201;335.994,03;222.135,99;1;"IRRF sobre Rendimentos do  Trabalho - Principal  - Ativos/Inativos do Poder Executivo/Indiretas - PROPRIO";A;8;0;335.994,03
11130311010200000000;1.1.1.3.03.1.1.01.02.00;201;139.997,51;92.556,70;20;"IRRF sobre Rendimentos do  Trabalho - Principal  - Ativos/Inativos do Poder Executivo/Indiretas - MDE";A;8;0;139.997,51
11130311010300000000;1.1.1.3.03.1.1.01.03.00;201;83.998,51;55.534,00;40;"IRRF sobre Rendimentos do  Trabalho - Principal  - Ativos/Inativos do Poder Executivo/Indiretas- ASPS";A;8;0;83.998,51
11130311020000000000;1.1.1.3.03.1.1.02.00.00;201;41.090,88;31.703,88;0;"IRRF sobre Rendimentos do  Trabalho - Principal  - Ativos/Inativos do Poder Legislativo";S;7;0;41.090,88
11130311020100000000;1.1.1.3.03.1.1.02.01.00;201;24.654,53;19.022,31;1;"IRRF sobre Rendimentos do  Trabalho - Principal  - Ativos/Inativos do Poder Legislativo - PROPRIO";A;8;0;24.654,53
11130311020200000000;1.1.1.3.03.1.1.02.02.00;201;10.272,72;7.925,97;20;"IRRF sobre Rendimentos do  Trabalho - Principal  - Ativos/Inativos do Poder Legislativo - MDE";A;8;0;10.272,72
11130311020300000000;1.1.1.3.03.1.1.02.03.00;201;6.163,63;4.755,60;40;"IRRF sobre Rendimentos do  Trabalho - Principal  - Ativos/Inativos do Poder Legislativo - ASPS";A;8;0;6.163,63
11130311030000000000;1.1.1.3.03.1.1.03.00.00;201;56.633,01;63.710,33;0;"IRRF sobre Rendimentos do  Trabalho - Principal  - Inativos pagos pelo RPPS";S;7;0;56.633,01
11130311030100000000;1.1.1.3.03.1.1.03.01.00;201;33.979,81;38.226,22;1;"IRRF sobre Rendimentos do  Trabalho - Principal  - Inativos pagos pelo RPPS - PROPRIO";A;8;0;33.979,81
11130311030200000000;1.1.1.3.03.1.1.03.02.00;201;14.158,25;15.927,57;20;"IRRF sobre Rendimentos do  Trabalho - Principal  - Inativos pagos pelo RPPS - MDE";A;8;0;14.158,25
11130311030300000000;1.1.1.3.03.1.1.03.03.00;201;8.494,95;9.556,54;40;"IRRF sobre Rendimentos do  Trabalho - Principal  - Inativos pagos pelo RPPS - ASPS";A;8;0;8.494,95
11130340000000000000;1.1.1.3.03.4.0.00.00.00;201;0,00;29.497,75;0;"Imposto sobre a Renda - Retido na Fonte - Outros Rendimentos";S;6;0;0,00
11130341000000000000;1.1.1.3.03.4.1.00.00.00;201;0,00;29.497,75;0;"Imposto sobre a Renda - Retido na Fonte - Outros Rendimentos - Principal";S;6;0;0,00
11130341010000000000;1.1.1.3.03.4.1.01.00.00;201;0,00;29.497,75;0;"IRRF - Outros Rendimentos - Principal  - Poder Executivo";S;7;0;0,00
11130341010100000000;1.1.1.3.03.4.1.01.01.00;201;0,00;17.698,63;1;"IRRF - Outros Rendimentos - Principal  - Poder Executivo - PROPRIO";A;8;0;0,00
11130341010200000000;1.1.1.3.03.4.1.01.02.00;201;0,00;7.374,45;20;"IRRF - Outros Rendimentos - Principal  - Poder Executivo - MDE";A;8;0;0,00
11130341010300000000;1.1.1.3.03.4.1.01.03.00;201;0,00;4.424,67;40;"IRRF - Outros Rendimentos - Principal  - Poder Executivo - ASPS";A;8;0;0,00
11180000000000000000;1.1.1.8.00.0.0.00.00.00;201;1.855.866,70;1.825.232,89;0;"Impostos Especificos de Estados, DF e Municipios";S;4;0;2.122.866,70
11180100000000000000;1.1.1.8.01.0.0.00.00.00;201;1.533.194,18;1.527.499,85;0;"Impostos sobre o Patrimonio para Estados/DF/Municipios";S;5;0;1.800.194,18
11180110000000000000;1.1.1.8.01.1.0.00.00.00;201;533.194,18;497.783,53;0;"Imposto sobre a Propriedade Predial e Territorial Urbana";S;6;0;533.194,18
11180111000000000000;1.1.1.8.01.1.1.00.00.00;201;443.022,61;405.806,23;0;"Imposto sobre a Propriedade Predial e Territorial Urbana - Principal";S;6;0;443.022,61
11180111010000000000;1.1.1.8.01.1.1.01.00.00;201;265.813,57;243.481,22;1;"IPTU - Principal  - PROPRIO";A;7;0;265.813,57
11180111020000000000;1.1.1.8.01.1.1.02.00.00;201;110.755,65;101.453,52;20;"IPTU - Principal  - MDE";A;7;0;110.755,65
11180111030000000000;1.1.1.8.01.1.1.03.00.00;201;66.453,39;60.871,49;40;"IPTU - Principal  - ASPS";A;7;0;66.453,39
11180112000000000000;1.1.1.8.01.1.2.00.00.00;201;3.656,98;2.311,73;0;"Imposto sobre a Propriedade Predial e Territorial Urbana - Multas e Juros de Mora";S;6;0;3.656,98
11180112010000000000;1.1.1.8.01.1.2.01.00.00;201;2.194,18;1.386,89;1;"IPTU - Multas e Juros de Mora  - PROPRIO";A;7;0;2.194,18
11180112020000000000;1.1.1.8.01.1.2.02.00.00;201;914,25;578,05;20;"IPTU - Multas e Juros de Mora  - MDE";A;7;0;914,25
11180112030000000000;1.1.1.8.01.1.2.03.00.00;201;548,55;346,79;40;"IPTU - Multas e Juros de Mora  - ASPS";A;7;0;548,55
11180113000000000000;1.1.1.8.01.1.3.00.00.00;201;63.648,13;67.325,23;0;"Imposto sobre a Propriedade Predial e Territorial Urbana - Divida Ativa";S;6;0;63.648,13
11180113010000000000;1.1.1.8.01.1.3.01.00.00;201;38.188,88;40.394,00;1;"IPTU - Divida Ativa  - PROPRIO";A;7;0;38.188,88
11180113020000000000;1.1.1.8.01.1.3.02.00.00;201;15.912,03;16.832,17;20;"IPTU - Divida Ativa  - MDE";A;7;0;15.912,03
11180113030000000000;1.1.1.8.01.1.3.03.00.00;201;9.547,22;10.099,06;40;"IPTU - Divida Ativa  - ASPS";A;7;0;9.547,22
11180114000000000000;1.1.1.8.01.1.4.00.00.00;201;22.866,46;22.340,34;0;"Imposto sobre a Propriedade Predial e Territorial Urbana - Multas e Juros de Mora da Divida Ativa";S;6;0;22.866,46
11180114010000000000;1.1.1.8.01.1.4.01.00.00;201;13.719,87;13.403,70;1;"IPTU - Multas e Juros de Mora da Divida Ativa  - PROPRIO";A;7;0;13.719,87
11180114020000000000;1.1.1.8.01.1.4.02.00.00;201;5.716,62;5.585,52;20;"IPTU - Multas e Juros de Mora da Divida Ativa  - MDE";A;7;0;5.716,62
11180114030000000000;1.1.1.8.01.1.4.03.00.00;201;3.429,97;3.351,12;40;"IPTU - Multas e Juros de Mora da Divida Ativa  - ASPS";A;7;0;3.429,97
11180140000000000000;1.1.1.8.01.4.0.00.00.00;201;1.000.000,00;1.029.716,32;0;"Imposto sobre Transmissao “Inter Vivos” de Bens Imoveis e de Direitos Reais sobre Imoveis";S;6;0;1.267.000,00
11180141000000000000;1.1.1.8.01.4.1.00.00.00;201;1.000.000,00;1.029.716,32;0;"Imposto sobre Transmissao “Inter Vivos” de Bens Imoveis e de Direitos Reais sobre Imoveis - Principal";S;6;0;1.267.000,00
11180141010000000000;1.1.1.8.01.4.1.01.00.00;201;600.000,00;617.829,79;1;"ITBI - Principal  - PROPRIO";A;7;0;867.000,00
11180141020000000000;1.1.1.8.01.4.1.02.00.00;201;250.000,00;257.429,08;20;"ITBI - Principal  - MDE";A;7;0;250.000,00
11180141030000000000;1.1.1.8.01.4.1.03.00.00;201;150.000,00;154.457,45;40;"ITBI - Principal  - ASPS";A;7;0;150.000,00
11180200000000000000;1.1.1.8.02.0.0.00.00.00;201;322.672,52;297.733,04;0;"Impostos sobre a Producao, circulacao de Mercadorias e Servicos";S;5;0;322.672,52
11180230000000000000;1.1.1.8.02.3.0.00.00.00;201;322.672,52;297.733,04;0;"Imposto sobre Servicos de Qualquer Natureza";S;6;0;322.672,52
11180231000000000000;1.1.1.8.02.3.1.00.00.00;201;318.998,28;294.656,11;0;"Imposto sobre Servicos de Qualquer Natureza - Principal";S;6;0;318.998,28
11180231010000000000;1.1.1.8.02.3.1.01.00.00;201;191.398,97;176.792,96;1;"ISS - Principal  - PROPRIO";A;7;0;191.398,97
11180231020000000000;1.1.1.8.02.3.1.02.00.00;201;79.749,57;73.664,58;20;"ISS - Principal  - MDE";A;7;0;79.749,57
11180231030000000000;1.1.1.8.02.3.1.03.00.00;201;47.849,74;44.198,57;40;"ISS - Principal  - ASPS";A;7;0;47.849,74
11180232000000000000;1.1.1.8.02.3.2.00.00.00;201;3.318,08;2.125,86;0;"Imposto sobre Servicos de Qualquer Natureza - Multas e Juros de Mora";S;6;0;3.318,08
11180232010000000000;1.1.1.8.02.3.2.01.00.00;201;1.990,85;1.275,47;1;"ISS - Multas e Juros de Mora  - PROPRIO";A;7;0;1.990,85
11180232020000000000;1.1.1.8.02.3.2.02.00.00;201;829,52;531,50;20;"ISS - Multas e Juros de Mora  - MDE";A;7;0;829,52
11180232030000000000;1.1.1.8.02.3.2.03.00.00;201;497,71;318,89;40;"ISS - Multas e Juros de Mora  - ASPS";A;7;0;497,71
11180233000000000000;1.1.1.8.02.3.3.00.00.00;201;275,32;743,60;0;"Imposto sobre Servicos de Qualquer Natureza - Divida Ativa";S;6;0;275,32
11180233010000000000;1.1.1.8.02.3.3.01.00.00;201;165,19;446,14;1;"ISS - Divida Ativa  - PROPRIO";A;7;0;165,19
11180233020000000000;1.1.1.8.02.3.3.02.00.00;201;68,83;185,91;20;"ISS - Divida Ativa  - MDE";A;7;0;68,83
11180233030000000000;1.1.1.8.02.3.3.03.00.00;201;41,30;111,55;40;"ISS - Divida Ativa  - ASPS";A;7;0;41,30
11180234000000000000;1.1.1.8.02.3.4.00.00.00;201;80,84;207,47;0;"Imposto sobre Servicos de Qualquer Natureza - Multas e Juros de Mora da Divida Ativa";S;6;0;80,84
11180234010000000000;1.1.1.8.02.3.4.01.00.00;201;48,50;124,48;1;"ISS - Multas e Juros de Mora da Divida Ativa  - PROPRIO";A;7;0;48,50
11180234020000000000;1.1.1.8.02.3.4.02.00.00;201;20,21;51,87;20;"ISS - Multas e Juros de Mora da Divida Ativa  - MDE";A;7;0;20,21
11180234030000000000;1.1.1.8.02.3.4.03.00.00;201;12,13;31,12;40;"ISS - Multas e Juros de Mora da Divida Ativa  - ASPS";A;7;0;12,13
11200000000000000000;1.1.2.0.00.0.0.00.00.00;201;41.028,13;71.559,90;0;Taxas;S;3;0;41.028,13
11220000000000000000;1.1.2.2.00.0.0.00.00.00;201;0,00;15.121,86;0;"Taxas pela Prestacao de Servicos";S;4;0;0,00
11220100000000000000;1.1.2.2.01.0.0.00.00.00;201;0,00;15.121,86;0;"Taxas pela Prestacao de Servicos";S;5;0;0,00
11220110000000000000;1.1.2.2.01.1.0.00.00.00;201;0,00;15.121,86;0;"Taxas pela Prestacao de Servicos";S;6;0;0,00
11220111000000000000;1.1.2.2.01.1.1.00.00.00;201;0,00;15.108,83;0;"Taxas pela Prestacao de Servicos - Principal";S;6;0;0,00
11220111010000000000;1.1.2.2.01.1.1.01.00.00;201;0,00;15.108,83;1;"Taxa de Expediente - Principal";A;7;0;0,00
11220112000000000000;1.1.2.2.01.1.2.00.00.00;201;0,00;5,04;0;"Taxas pela Prestacao de Servicos - Multas e Juros de Mora";S;6;0;0,00
11220112010000000000;1.1.2.2.01.1.2.01.00.00;201;0,00;5,04;1;"Taxa de Expediente - Multa e Juros de Mora";A;7;0;0,00
11220113000000000000;1.1.2.2.01.1.3.00.00.00;201;0,00;7,00;0;"Taxas pela Prestacao de Servicos - Divida Ativa";S;6;0;0,00
11220113010000000000;1.1.2.2.01.1.3.01.00.00;201;0,00;7,00;1;"Taxa de Expediente - Divida Ativa";A;7;0;0,00
11220114000000000000;1.1.2.2.01.1.4.00.00.00;201;0,00;0,99;0;"Taxas pela Prestacao de Servicos - Multas e Juros de Mora da Divida Ativa";S;6;0;0,00
11220114010000000000;1.1.2.2.01.1.4.01.00.00;201;0,00;0,99;1;"Taxa de Expediente - Multa e Juros de Mora da Divida Ativa";A;7;0;0,00
11280000000000000000;1.1.2.8.00.0.0.00.00.00;201;41.028,13;56.438,04;0;"Taxas - Especificas de Estados, DF e Municipios";S;4;0;41.028,13
11280100000000000000;1.1.2.8.01.0.0.00.00.00;201;41.028,13;56.438,04;0;"Taxas de Inspecao, Controle e Fiscalizacao";S;5;0;41.028,13
11280110000000000000;1.1.2.8.01.1.0.00.00.00;201;5.228,32;2.668,65;0;"Taxa de Fiscalizacao de Vigilancia Sanitaria";S;6;0;5.228,32
11280111000000000000;1.1.2.8.01.1.1.00.00.00;201;5.228,32;2.541,00;1;"Taxa de Fiscalizacao de Vigilancia Sanitaria - Principal";A;6;0;5.228,32
11280113000000000000;1.1.2.8.01.1.3.00.00.00;201;0,00;112,00;1;"Taxa de Fiscalizacao de Vigilancia Sanitaria - Divida Ativa";A;6;0;0,00
11280114000000000000;1.1.2.8.01.1.4.00.00.00;201;0,00;15,65;1;"Taxa de Fiscalizacao de Vigilancia Sanitaria - Multas e Juros de Mora da Divida Ativa";A;6;0;0,00
11280190000000000000;1.1.2.8.01.9.0.00.00.00;201;35.799,81;53.769,39;0;"Taxas de Inspecao, Controle e Fiscalizacao - Outras";S;6;0;35.799,81
11280191000000000000;1.1.2.8.01.9.1.00.00.00;201;35.799,81;47.800,00;0;"Taxas de Inspecao, Controle e Fiscalizacao - Outras - Principal";S;6;0;35.799,81
11280191010000000000;1.1.2.8.01.9.1.01.00.00;201;0,00;30.078,00;1;"Taxa de Vistoria - Principal";A;7;0;0,00
11280191030000000000;1.1.2.8.01.9.1.03.00.00;201;0,00;6.941,00;1;"Alvara de Licenca e Localizacao - Principal";A;7;0;0,00
11280191040000000000;1.1.2.8.01.9.1.04.00.00;201;35.799,81;0,00;1;"Taxa de Expediente - Principal";A;7;0;35.799,81
11280191050000000000;1.1.2.8.01.9.1.05.00.00;201;0,00;6.816,00;1005;"Taxa de Licenca Ambiental - Principal";A;7;0;0,00
11280191060000000000;1.1.2.8.01.9.1.06.00.00;201;0,00;3.601,00;1;"Taxa de Aprovacao de Projetos de Construcao Civil - Principal";A;7;0;0,00
11280191070000000000;1.1.2.8.01.9.1.07.00.00;201;0,00;364,00;1;"Taxa de Aprovacao de Loteamento/Fracionamento - Principal";A;7;0;0,00
11280192000000000000;1.1.2.8.01.9.2.00.00.00;201;0,00;71,87;0;"Taxas de Inspecao, Controle e Fiscalizacao - Outras - Multas e Juros de Mora";S;6;0;0,00
11280192010000000000;1.1.2.8.01.9.2.01.00.00;201;0,00;67,58;1;"Taxa de Vistoria - Multa e Juros de Mora";A;7;0;0,00
11280192030000000000;1.1.2.8.01.9.2.03.00.00;201;0,00;1,40;1;"Alvara de Licenca e Localizacao - Multa e Juros de Mora";A;7;0;0,00
11280192060000000000;1.1.2.8.01.9.2.06.00.00;201;0,00;1,07;1;"Taxa de Aprovacao de Projetos de Construcao Civil - Multa de Juros de Mora";A;7;0;0,00
11280192070000000000;1.1.2.8.01.9.2.07.00.00;201;0,00;1,82;1;"Taxa de Aprovacao de Loteamento/Fracionamento - Multa e Juros de Mora";A;7;0;0,00
11280193000000000000;1.1.2.8.01.9.3.00.00.00;201;0,00;4.622,64;0;"Taxas de Inspecao, Controle e Fiscalizacao - Outras - Divida Ativa";S;6;0;0,00
11280193010000000000;1.1.2.8.01.9.3.01.00.00;201;0,00;4.622,64;1;"Taxa de Vistoria - Divida Ativa";A;7;0;0,00
11280194000000000000;1.1.2.8.01.9.4.00.00.00;201;0,00;1.274,88;0;"Taxas de Inspecao, Controle e Fiscalizacao - Outras - Multas e Juros de Mora da Divida Ativa";S;6;0;0,00
11280194010000000000;1.1.2.8.01.9.4.01.00.00;201;0,00;1.274,88;1;"Taxa de Vistoria - Multa e Juros de Mora da Divida Ativa";A;7;0;0,00
12000000000000000000;1.2.0.0.00.0.0.00.00.00;201;925.530,40;751.728,73;0;Contribuicoes;S;2;0;925.530,40
12100000000000000000;1.2.1.0.00.0.0.00.00.00;201;768.111,84;593.248,12;0;"Contribuicoes Sociais";S;3;0;768.111,84
12180000000000000000;1.2.1.8.00.0.0.00.00.00;201;768.111,84;593.248,12;0;"Contribuicoes Sociais Especificas de Estados, DF e Municipios";S;4;0;768.111,84
12180100000000000000;1.2.1.8.01.0.0.00.00.00;201;768.111,84;593.248,12;0;"Contribuicao do Servidor Civil para o Plano de Seguridade Social - CPSSS - Especifico de EST/DF/MUN";S;5;0;768.111,84
12180110000000000000;1.2.1.8.01.1.0.00.00.00;201;768.111,84;591.952,83;0;"CPSSS do Servidor Civil Ativo";S;6;0;768.111,84
12180111000000000000;1.2.1.8.01.1.1.00.00.00;1201;768.111,84;591.952,83;50;"CPSSS do Servidor Civil Ativo - Principal";A;6;0;768.111,84
12180130000000000000;1.2.1.8.01.3.0.00.00.00;201;0,00;1.295,29;0;"CPSSS do Servidor Civil - Pensionistas";S;6;0;0,00
12180131000000000000;1.2.1.8.01.3.1.00.00.00;1201;0,00;1.295,29;50;"CPSSS do Servidor Civil - Pensionistas - Principal";A;6;0;0,00
12400000000000000000;1.2.4.0.00.0.0.00.00.00;201;157.418,56;158.480,61;0;"Contribuicao para o Custeio do Servico de Iluminacao Publica";S;3;0;157.418,56
12400010000000000000;1.2.4.0.00.1.0.00.00.00;201;157.418,56;158.480,61;0;"Contribuicao para o Custeio do Servico de Iluminacao Publica";S;6;0;157.418,56
12400011000000000000;1.2.4.0.00.1.1.00.00.00;201;157.418,56;158.480,61;1;"Contribuicao para o Custeio do Servico de Iluminacao Publica - Principal";A;6;0;157.418,56
13000000000000000000;1.3.0.0.00.0.0.00.00.00;201;2.444.883,10;3.245.723,14;0;"Receita Patrimonial";S;2;0;2.447.410,12
13100000000000000000;1.3.1.0.00.0.0.00.00.00;201;188.190,14;155.434,14;0;"Exploracao do Patrimonio Imobiliario do Estado";S;3;0;188.190,14
13100100000000000000;1.3.1.0.01.0.0.00.00.00;201;188.190,14;155.434,14;0;"Alugueis, Arrendamentos, Foros, Laudemios, Tarifas de Ocupacao";S;5;0;188.190,14
13100110000000000000;1.3.1.0.01.1.0.00.00.00;201;188.190,14;155.434,14;0;"Alugueis e Arrendamentos";S;6;0;188.190,14
13100111000000000000;1.3.1.0.01.1.1.00.00.00;201;188.190,14;152.628,00;1;"Alugueis e Arrendamentos - Principal";A;6;0;188.190,14
13100112000000000000;1.3.1.0.01.1.2.00.00.00;201;0,00;615,03;1;"Alugueis e Arrendamentos - Multas e Juros de Mora";A;6;0;0,00
13100113000000000000;1.3.1.0.01.1.3.00.00.00;201;0,00;1.872,88;1;"Alugueis e Arrendamentos - Divida Ativa";A;6;0;0,00
13100114000000000000;1.3.1.0.01.1.4.00.00.00;201;0,00;318,23;1;"Alugueis e Arrendamentos - Multas e Juros de Mora da Divida Ativa";A;6;0;0,00
13200000000000000000;1.3.2.0.00.0.0.00.00.00;201;2.227.540,11;3.090.289,00;0;"Valores Mobiliarios";S;3;0;2.230.067,13
13210000000000000000;1.3.2.1.00.0.0.00.00.00;201;2.227.540,11;3.090.289,00;0;"Juros e Correcoes Monetarias";S;4;0;2.230.067,13
13210010000000000000;1.3.2.1.00.1.0.00.00.00;201;147.908,94;147.482,74;0;"Remuneracao de Depositos Bancarios";S;6;0;150.435,96
13210011000000000000;1.3.2.1.00.1.1.00.00.00;201;147.908,94;147.482,74;0;"Remuneracao de Depositos Bancarios - Principal";S;6;0;150.435,96
13210011010000000000;1.3.2.1.00.1.1.01.00.00;201;9.910,02;33.858,63;0;"Remuneracao de Depositos de Recursos Vinculados - Principal";S;7;0;12.437,04
13210011010200000000;1.3.2.1.00.1.1.01.02.00;201;8.164,45;13.458,32;31;"Remuneracao de Depositos  Bancarios de Recursos Vinculados - FUNDEB - Principal";A;8;0;8.164,45
13210011010300000000;1.3.2.1.00.1.1.01.03.00;201;0,00;12.394,88;0;"Remuneracao de Depositos  Bancarios de Recursos Vinculados - Fundo de Saude - Principal";S;8;0;2.527,02
13210011010301000000;1.3.2.1.00.1.1.01.03.01;201;0,00;31,66;4111;"Rendimentos Protese Dentaria FE RV4111";A;8;0;31,66
13210011010302000000;1.3.2.1.00.1.1.01.03.02;201;0,00;393,88;4050;"Rendimentos Fraldas FE RV4050";A;8;0;30,36
13210011010303000000;1.3.2.1.00.1.1.01.03.03;201;0,00;1.988,84;4931;"Rendimentos C/C 11.229-1 Equip Mat Perm FMS RV4931";A;8;0;0,00
13210011010304000000;1.3.2.1.00.1.1.01.03.04;201;0,00;736,90;4931;"Rendimentos C/C 10.925-8 Equip Mat Perm FMS 4931";A;8;0;0,00
13210011010305000000;1.3.2.1.00.1.1.01.03.05;201;0,00;1.264,73;4500;"Rendimentos Atencao Basica Federal RV4500";A;8;0;0,00
13210011010307000000;1.3.2.1.00.1.1.01.03.07;201;0,00;274,90;4503;"Rendimentos Assistencia Farmaceutica FF RV4503";A;8;0;0,00
13210011010308000000;1.3.2.1.00.1.1.01.03.08;201;0,00;28,08;4160;"Rendimentos PIM FE RV4160";A;8;0;0,00
13210011010309000000;1.3.2.1.00.1.1.01.03.09;201;0,00;1.690,65;4011;"Rendimentos PIES FE RV4011";A;8;0;0,00
13210011010310000000;1.3.2.1.00.1.1.01.03.10;201;0,00;45,96;4050;"Rendimentos Farmacia Basica FE RV4050";A;8;0;7,82
13210011010311000000;1.3.2.1.00.1.1.01.03.11;201;0,00;133,43;4090;"Rendimentos PSF FE RV4090";A;8;0;0,00
13210011010316000000;1.3.2.1.00.1.1.01.03.16;201;0,00;356,30;4503;"Rendimentos Organizacao Farmacia Custeio RV4503";A;8;0;0,00
13210011010317000000;1.3.2.1.00.1.1.01.03.17;201;0,00;2.182,62;4303;"Rendimentos Construcao UBS FE RV4303";A;8;0;1.770,02
13210011010318000000;1.3.2.1.00.1.1.01.03.18;201;0,00;76,97;4710;"Rendimentos PQAVS RV4710";A;8;0;76,97
13210011010319000000;1.3.2.1.00.1.1.01.03.19;201;0,00;258,14;4710;"Rendimentos VISA IPVS RV4710";A;8;0;258,14
13210011010320000000;1.3.2.1.00.1.1.01.03.20;201;0,00;518,12;4505;"Rendimentos Organizacao Farmacia Investimento RV4505";A;8;0;0,00
13210011010321000000;1.3.2.1.00.1.1.01.03.21;201;0,00;23,83;4936;"Rendimentos Ambulancia Portaria 3673 RV4936";A;8;0;23,83
13210011010322000000;1.3.2.1.00.1.1.01.03.22;201;0,00;1.598,96;4520;"Rendimentos Incremento Piso AB Emenda Parlamentar Portaria 1000/18 RV4520";A;8;0;0,00
13210011010323000000;1.3.2.1.00.1.1.01.03.23;201;0,00;238,27;4760;"Rendimentos Acoes Estruturantes VISA RV4760";A;8;0;238,27
13210011010324000000;1.3.2.1.00.1.1.01.03.24;201;0,00;89,95;4190;"REND. DENGUE VERAO 2018-2019 VIG EPID RES CIBRS 517/2018 RV4190";A;8;0;89,95
13210011010325000000;1.3.2.1.00.1.1.01.03.25;201;0,00;458,96;4500;"Rend. Incremento Temporario Custeio AB Port. MS 1331/2019Dep. Jose Stedile Prop. 36000.253327/2019-00";A;8;0;0,00
13210011010327000000;1.3.2.1.00.1.1.01.03.27;201;0,00;3,73;4300;"Rendimentos NOTA FISCAL GAUCHA PROGRAMA SOLIDARIEDADE RV4300";A;8;0;0,00
13210011010700000000;1.3.2.1.00.1.1.01.07.00;201;0,00;1.005,20;0;"Remuneracao de Depositos  Bancarios de Recursos Vinculados - Fundo Nacional de Assistencia Social - FNAS - Principal";S;8;0;0,00
13210011010701000000;1.3.2.1.00.1.1.01.07.01;201;0,00;83,35;1064;"Rendimentos PSB PBFI FMAS RV1064";A;8;0;0,00
13210011010702000000;1.3.2.1.00.1.1.01.07.02;201;0,00;505,93;1021;"Rendimentos PSB SCFV FMAS RV1021";A;8;0;0,00
13210011010703000000;1.3.2.1.00.1.1.01.07.03;201;0,00;309,21;1038;"Rendimentos GBF IGD-BF RV1038";A;8;0;0,00
13210011010704000000;1.3.2.1.00.1.1.01.07.04;201;0,00;68,06;1067;"Rendimentos GSUAS IGD-SUAS FMAS RV1067";A;8;0;0,00
13210011010705000000;1.3.2.1.00.1.1.01.07.05;201;0,00;38,65;1103;"Rendimentos OASF/FEAS RV1103";A;8;0;0,00
13210011010800000000;1.3.2.1.00.1.1.01.08.00;201;0,00;498,58;0;"Remuneracao de Depositos  Bancarios de Recursos Vinculados - Fundo Nacional de Desenvolvimento da Educacao - FNDE - Principal";S;8;0;0,00
13210011010803000000;1.3.2.1.00.1.1.01.08.03;201;0,00;287,76;1014;"Rendimentos QSE RV1014";A;8;0;0,00
13210011010804000000;1.3.2.1.00.1.1.01.08.04;201;0,00;71,70;1016;"Rendimentos PNATE RV1016";A;8;0;0,00
13210011010805000000;1.3.2.1.00.1.1.01.08.05;201;0,00;32,30;1001;"Rendimentos PNAE Fundamental RV1001";A;8;0;0,00
13210011010806000000;1.3.2.1.00.1.1.01.08.06;201;0,00;15,86;1031;"Rendimentos PNAE Creche RV1031";A;8;0;0,00
13210011010807000000;1.3.2.1.00.1.1.01.08.07;201;0,00;90,96;1070;"Rendimentos PNAE MAIS EDUCACAO FUNDAMENTAL RV1070";A;8;0;0,00
13210011019900000000;1.3.2.1.00.1.1.01.99.00;201;1.745,57;6.501,65;0;"Remuneracao de Outros Depositos  Bancarios de Recursos Vinculados - Principal";S;8;0;1.745,57
13210011019901000000;1.3.2.1.00.1.1.01.99.01;201;1.338,29;938,42;1005;"Rendimentos FMDMA RV1005";A;8;0;1.338,29
13210011019902000000;1.3.2.1.00.1.1.01.99.02;201;0,00;823,81;1017;"Rendimentos PEATE RS RV1017";A;8;0;0,00
13210011019906000000;1.3.2.1.00.1.1.01.99.06;201;407,28;459,88;1050;"Rendimentos IR Doacao FUNDICA RV1050";A;8;0;407,28
13210011019907000000;1.3.2.1.00.1.1.01.99.07;201;0,00;2.350,53;1022;"Rend. Poup. Quadra Joao Saffi RV1022";A;8;0;0,00
13210011019908000000;1.3.2.1.00.1.1.01.99.08;201;0,00;1.061,97;1200;"Rendimentos Poup. Pavimentacao Convenio 829118/2016/SICONV Proposta 6878/2016 RV1200";A;8;0;0,00
13210011019909000000;1.3.2.1.00.1.1.01.99.09;201;0,00;15,53;1022;"Rend. Aplic. Quadra Joao Saffi RV1022";A;8;0;0,00
13210011019910000000;1.3.2.1.00.1.1.01.99.10;201;0,00;30,13;1200;"Rendimentos Aplic. Pavimentacao Convenio 829118/2016/SICONV Proposta 6878/2016 RV1200";A;8;0;0,00
13210011019911000000;1.3.2.1.00.1.1.01.99.11;201;0,00;172,96;1207;"Rend. Aplica. CONVENIO 877247/2018/SICONV PROP054169/2018SICONV RV1207";A;8;0;0,00
13210011019912000000;1.3.2.1.00.1.1.01.99.12;201;0,00;604,65;1207;"Rend. Poup. CONVENIO 877247/2018/SICONV PROP054169/2018SICONV RV1207";A;8;0;0,00
13210011019914000000;1.3.2.1.00.1.1.01.99.14;201;0,00;34,14;1206;"Rend. Aplic. CONVENIO 876152/2018/SICONV PROP045635/2018SICONV RV1206";A;8;0;0,00
13210011019916000000;1.3.2.1.00.1.1.01.99.16;201;0,00;9,63;1203;"Rend. Aplic. PAV. URB. SICONV CONVENIO 847175/17 RV1203";A;8;0;0,00
13210011020000000000;1.3.2.1.00.1.1.02.00.00;201;137.998,92;113.624,11;0;"Remuneracao de Depositos de Recursos Nao Vinculados - Principal";S;7;0;137.998,92
13210011029900000000;1.3.2.1.00.1.1.02.99.00;201;137.998,92;0,00;1;"Remuneracao de Outros Depositos  Bancarios de Recursos Nao Vinculados - Principal";A;8;0;137.998,92
13210011029901000000;1.3.2.1.00.1.1.02.99.01;201;0,00;41.187,46;1;"Rendimentos Poder Executivo - Banco do Brasil";A;8;0;0,00
13210011029902000000;1.3.2.1.00.1.1.02.99.02;201;0,00;38.745,78;1;"Rendimentos Poder Executivo - Banrisul";A;8;0;0,00
13210011029905000000;1.3.2.1.00.1.1.02.99.05;201;0,00;7.823,24;1;"Rendimentos Poder Legislativo - Banrisul";A;8;0;0,00
13210011029908000000;1.3.2.1.00.1.1.02.99.08;201;0,00;25.867,63;1;"Rendimentos Poder Executivo - Sicredi";A;8;0;0,00
13210040000000000000;1.3.2.1.00.4.0.00.00.00;201;2.079.631,17;2.942.806,26;0;"Remuneracao dos Recursos do Regime Proprio de Previdencia Social - RPPS";S;6;0;2.079.631,17
13210041000000000000;1.3.2.1.00.4.1.00.00.00;1201;2.079.631,17;0,00;50;"Remuneracao dos Recursos do Regime Proprio de Previdencia Social - RPPS - Principal";A;6;0;2.079.631,17
13210041010000000000;1.3.2.1.00.4.1.01.00.00;1201;0,00;864.048,18;50;"FPSM BB PREVID RF IMA-B TIT PUBL FI";A;7;0;0,00
13210041020000000000;1.3.2.1.00.4.1.02.00.00;1201;0,00;747.366,06;50;"FPSM BB RF IMAB 5+";A;7;0;0,00
13210041030000000000;1.3.2.1.00.4.1.03.00.00;1201;0,00;318.238,36;50;"FPSM CEF NOVO BRASIL RF LP";A;7;0;0,00
13210041040000000000;1.3.2.1.00.4.1.04.00.00;1201;0,00;269.430,69;50;"FPSM CEF FI BRASIL IRF-M 1 TIT PUB RF";A;7;0;0,00
13210041060000000000;1.3.2.1.00.4.1.06.00.00;1201;0,00;371.319,52;50;"FPSM CEF CAIXA BRASIL 2024 III TP RF";A;7;0;0,00
13210041070000000000;1.3.2.1.00.4.1.07.00.00;1201;0,00;319.308,15;50;"FPSM BB PREV RF IRF-M 1 TP";A;7;0;0,00
13210041080000000000;1.3.2.1.00.4.1.08.00.00;1201;0,00;9,21;50;"FPSM CEF BRASIL IRF-M 1+";A;7;0;0,00
13210041090000000000;1.3.2.1.00.4.1.09.00.00;1201;0,00;9.312,60;50;"FPSM CAIXA FI BRASIL IDKA IPCA 2A TP RF LP";A;7;0;0,00
13210041100000000000;1.3.2.1.00.4.1.10.00.00;1201;0,00;8.501,46;50;"FPSM SICREDI  FI INSTITUCIONAL RF IRF-M LP";A;7;0;0,00
13210041110000000000;1.3.2.1.00.4.1.11.00.00;1201;0,00;11.655,38;50;"FPSM SICREDI FIC INSTITUCIONAL RF IMA-B";A;7;0;0,00
13210041120000000000;1.3.2.1.00.4.1.12.00.00;1201;0,00;23.616,65;50;"FPSM BB PREV RF ALOCACAO ATIVA";A;7;0;0,00
13600000000000000000;1.3.6.0.00.0.0.00.00.00;201;29.152,85;0,00;0;"Cessao de Direitos";S;3;0;29.152,85
13600100000000000000;1.3.6.0.01.0.0.00.00.00;201;29.152,85;0,00;0;"Cessao do Direito de Operacionalizacao de Pagamentos";S;5;0;29.152,85
13600110000000000000;1.3.6.0.01.1.0.00.00.00;201;29.152,85;0,00;0;"Cessao do Direito de Operacionalizacao de Pagamentos";S;6;0;29.152,85
13600111000000000000;1.3.6.0.01.1.1.00.00.00;201;29.152,85;0,00;1;"Cessao do Direito de Operacionalizacao de Pagamentos - Principal";A;6;0;29.152,85
16000000000000000000;1.6.0.0.00.0.0.00.00.00;201;20.642,31;27.215,00;0;"Receita de Servicos";S;2;0;20.642,31
16100000000000000000;1.6.1.0.00.0.0.00.00.00;201;20.642,31;27.215,00;0;"Servicos Administrativos e Comerciais Gerais";S;3;0;20.642,31
16100100000000000000;1.6.1.0.01.0.0.00.00.00;201;20.642,31;27.215,00;0;"Servicos Administrativos e Comerciais Gerais";S;5;0;20.642,31
16100110000000000000;1.6.1.0.01.1.0.00.00.00;201;20.642,31;27.215,00;0;"Servicos Administrativos e Comerciais Gerais";S;6;0;20.642,31
16100111000000000000;1.6.1.0.01.1.1.00.00.00;201;20.642,31;27.215,00;0;"Servicos Administrativos e Comerciais Gerais - Principal";S;6;0;20.642,31
16100111010000000000;1.6.1.0.01.1.1.01.00.00;201;20.642,31;27.215,00;1;"Servicos de Maquinas - Principal";A;7;0;20.642,31
17000000000000000000;1.7.0.0.00.0.0.00.00.00;201;23.226.178,63;18.760.441,97;0;"Transferencias Correntes";S;2;0;23.997.009,39
17100000000000000000;1.7.1.0.00.0.0.00.00.00;201;10.935.577,24;8.143.859,60;0;"Transferencias da Uniao e de suas Entidades";S;3;0;10.990.950,73
17180000000000000000;1.7.1.8.00.0.0.00.00.00;201;10.935.577,24;8.143.859,60;0;"Transferencias da Uniao - Especificas de Estados, DF e Municipios";S;4;0;10.990.950,73
17180100000000000000;1.7.1.8.01.0.0.00.00.00;201;9.608.167,47;6.936.649,53;0;"Participacao na Receita da Uniao";S;5;0;9.608.167,47
17180120000000000000;1.7.1.8.01.2.0.00.00.00;201;8.845.664,00;6.509.891,56;0;"Cota-Parte do Fundo de Participacao dos Municipios - Cota Mensal";S;6;0;8.845.664,00
17180121000000000000;1.7.1.8.01.2.1.00.00.00;201;8.845.664,00;6.509.891,56;0;"Cota-Parte do Fundo de Participacao dos Municipios - Cota Mensal - Principal";S;6;0;8.845.664,00
17180121010000000000;1.7.1.8.01.2.1.01.00.00;201;5.307.398,40;3.905.934,90;1;"Cota-Parte do FPM - Cota Mensal - Principal  - PROPRIO";A;7;0;5.307.398,40
17180121020000000000;1.7.1.8.01.2.1.02.00.00;201;442.283,20;325.494,60;20;"Cota-Parte do FPM - Cota Mensal - Principal  - MDE";A;7;0;442.283,20
17180121030000000000;1.7.1.8.01.2.1.03.00.00;201;1.326.849,60;976.483,74;40;"Cota-Parte do FPM - Cota Mensal - Principal  - ASPS";A;7;0;1.326.849,60
17180121040000000000;1.7.1.8.01.2.1.04.00.00;201;1.769.132,80;1.301.978,32;31;"Cota-Parte do FPM - Cota Mensal - Principal  - FUNDEB";A;7;0;1.769.132,80
17180130000000000000;1.7.1.8.01.3.0.00.00.00;201;351.095,00;0,00;0;"Cota-Parte do Fundo de Participacao do Municipios – 1% Cota entregue no mes de dezembro";S;6;0;351.095,00
17180131000000000000;1.7.1.8.01.3.1.00.00.00;201;351.095,00;0,00;0;"Cota-Parte do Fundo de Participacao do Municipios – 1% Cota entregue no mes de dezembro - Principal";S;6;0;351.095,00
17180131010000000000;1.7.1.8.01.3.1.01.00.00;201;210.657,00;0,00;1;"Cota-Parte do FPM – 1% Cota entregue no mes de dezembro - Principal  - PROPRIO";A;7;0;210.657,00
17180131020000000000;1.7.1.8.01.3.1.02.00.00;201;87.773,75;0,00;20;"Cota-Parte do FPM – 1% Cota entregue no mes de dezembro - Principal  -  MDE";A;7;0;87.773,75
17180131030000000000;1.7.1.8.01.3.1.03.00.00;201;52.664,25;0,00;40;"Cota-Parte do FPM – 1% Cota entregue no mes de dezembro - Principal  - ASPS";A;7;0;52.664,25
17180140000000000000;1.7.1.8.01.4.0.00.00.00;201;347.497,00;341.589,25;0;"Cota-Parte do Fundo de Participacao dos Municipios - 1% Cota entregue no mes de julho";S;6;0;347.497,00
17180141000000000000;1.7.1.8.01.4.1.00.00.00;201;347.497,00;341.589,25;0;"Cota-Parte do Fundo de Participacao dos Municipios - 1% Cota entregue no mes de julho - Principal";S;6;0;347.497,00
17180141010000000000;1.7.1.8.01.4.1.01.00.00;201;208.498,20;204.953,55;1;"Cota-Parte do FPM - 1% Cota entregue no mes de julho - Principal  - PROPRIO";A;7;0;208.498,20
17180141020000000000;1.7.1.8.01.4.1.02.00.00;201;86.874,25;85.397,31;20;"Cota-Parte do FPM - 1% Cota entregue no mes de julho - Principal  -  MDE";A;7;0;86.874,25
17180141030000000000;1.7.1.8.01.4.1.03.00.00;201;52.124,55;51.238,39;40;"Cota-Parte do FPM - 1% Cota entregue no mes de julho - Principal  - ASPS";A;7;0;52.124,55
17180150000000000000;1.7.1.8.01.5.0.00.00.00;201;63.911,47;85.168,72;0;"Cota-Parte do Imposto Sobre a Propriedade Territorial Rural";S;6;0;63.911,47
17180151000000000000;1.7.1.8.01.5.1.00.00.00;201;63.911,47;85.168,72;0;"Cota-Parte do Imposto Sobre a Propriedade Territorial Rural - Principal";S;6;0;63.911,47
17180151010000000000;1.7.1.8.01.5.1.01.00.00;201;38.346,89;51.101,21;1;"Cota-Parte do ITR - Principal  - PROPRIO";A;7;0;38.346,89
17180151020000000000;1.7.1.8.01.5.1.02.00.00;201;3.195,57;4.258,43;20;"Cota-Parte do ITR - Principal  - MDE";A;7;0;3.195,57
17180151030000000000;1.7.1.8.01.5.1.03.00.00;201;9.586,72;12.775,32;40;"Cota-Parte do ITR - Principal  - ASPS";A;7;0;9.586,72
17180151040000000000;1.7.1.8.01.5.1.04.00.00;201;12.782,29;17.033,76;31;"Cota-Parte do ITR - Principal  - FUNDEB";A;7;0;12.782,29
17180200000000000000;1.7.1.8.02.0.0.00.00.00;201;147.269,80;102.097,90;0;"Transferencia da Compensacao Financeira pela Exploracao de Recursos Naturais";S;5;0;147.269,80
17180220000000000000;1.7.1.8.02.2.0.00.00.00;201;0,00;130,75;0;"Cota-parte da Compensacao Financeira de Recursos Minerais - CFEM";S;6;0;0,00
17180221000000000000;1.7.1.8.02.2.1.00.00.00;201;0,00;130,75;1;"Cota-parte da Compensacao Financeira de Recursos Minerais - CFEM - Principal";A;6;0;0,00
17180260000000000000;1.7.1.8.02.6.0.00.00.00;201;147.269,80;101.967,15;0;"Cota-Parte do Fundo Especial do Petroleo – FEP";S;6;0;147.269,80
17180261000000000000;1.7.1.8.02.6.1.00.00.00;201;147.269,80;101.967,15;1;"Cota-Parte do Fundo Especial do Petroleo – FEP - Principal";A;6;0;147.269,80
17180300000000000000;1.7.1.8.03.0.0.00.00.00;201;689.463,53;715.264,36;0;"Transferencia de Recursos do Sistema Unico de Saude – SUS – Repasses Fundo a Fundo Bloco Custeio das Acoes e Servicos Publicos de Saude";S;5;0;691.671,02
17180310000000000000;1.7.1.8.03.1.0.00.00.00;201;602.862,96;611.019,59;0;"Transferencia de Recursos do SUS – Atencao Basica";S;6;0;602.862,96
17180311000000000000;1.7.1.8.03.1.1.00.00.00;201;602.862,96;611.019,59;4500;"Transferencia de Recursos do SUS – Atencao Basica - Principal";A;6;0;602.862,96
17180320000000000000;1.7.1.8.03.2.0.00.00.00;201;0,00;7.582,30;0;"Transferencia de Recursos do SUS – Atencao de Media e Alta Complexidade Ambulatorial e Hospitalar";S;6;0;2.207,49
17180321000000000000;1.7.1.8.03.2.1.00.00.00;201;0,00;7.582,30;4501;"Transferencia de Recursos do SUS – Atencao de Media e Alta Complexidade Ambulatorial e Hospitalar - Principal";A;6;0;2.207,49
17180330000000000000;1.7.1.8.03.3.0.00.00.00;201;52.086,01;65.437,77;0;"Transferencia de Recursos do SUS – Vigilancia em Saude";S;6;0;52.086,01
17180331000000000000;1.7.1.8.03.3.1.00.00.00;201;52.086,01;65.437,77;4502;"Transferencia de Recursos do SUS – Vigilancia em Saude - Principal";A;6;0;52.086,01
17180340000000000000;1.7.1.8.03.4.0.00.00.00;201;34.514,56;31.224,70;0;"Transferencia de Recursos do SUS – Assistencia Farmaceutica";S;6;0;34.514,56
17180341000000000000;1.7.1.8.03.4.1.00.00.00;201;34.514,56;31.224,70;4503;"Transferencia de Recursos do SUS – Assistencia Farmaceutica - Principal";A;6;0;34.514,56
17180500000000000000;1.7.1.8.05.0.0.00.00.00;201;333.371,70;292.279,91;0;"Transferencias de Recursos do Fundo Nacional do Desenvolvimento da Educacao – FNDE";S;5;0;336.537,70
17180510000000000000;1.7.1.8.05.1.0.00.00.00;201;230.766,90;193.708,59;0;"Transferencias do Salario-Educacao";S;6;0;230.766,90
17180511000000000000;1.7.1.8.05.1.1.00.00.00;201;230.766,90;193.708,59;1014;"Transferencias do Salario-Educacao - Principal";A;6;0;230.766,90
17180520000000000000;1.7.1.8.05.2.0.00.00.00;201;0,00;420,00;0;"Transferencias Diretas do FNDE referentes ao Programa Dinheiro Direto na Escola – PDDE";S;6;0;420,00
17180521000000000000;1.7.1.8.05.2.1.00.00.00;201;0,00;420,00;1036;"Transferencias Diretas do FNDE referentes ao Programa Dinheiro Direto na Escola – PDDE - Principal";A;6;0;420,00
17180530000000000000;1.7.1.8.05.3.0.00.00.00;201;60.984,00;64.010,20;0;"Transferencias Diretas do FNDE referentes ao Programa Nacional de Alimentacao Escolar – PNAE";S;6;0;63.730,00
17180531000000000000;1.7.1.8.05.3.1.00.00.00;201;60.984,00;64.010,20;0;"Transferencias Diretas do FNDE referentes ao Programa Nacional de Alimentacao Escolar – PNAE - Principal";S;6;0;63.730,00
17180531010000000000;1.7.1.8.05.3.1.01.00.00;201;24.984,00;22.809,60;1001;"PNAE Fundamental";A;7;0;24.984,00
17180531020000000000;1.7.1.8.05.3.1.02.00.00;201;22.560,00;18.104,40;1031;"PNAE Creche";A;7;0;22.560,00
17180531030000000000;1.7.1.8.05.3.1.03.00.00;201;13.440,00;10.684,80;1033;"PNAE Pre-Escola";A;7;0;13.440,00
17180531040000000000;1.7.1.8.05.3.1.04.00.00;201;0,00;1.612,80;1059;"PNAE EJA";A;7;0;1.792,00
17180531050000000000;1.7.1.8.05.3.1.05.00.00;201;0,00;858,60;1071;"PNAE AEE";A;7;0;954,00
17180531060000000000;1.7.1.8.05.3.1.06.00.00;201;0,00;9.940,00;1070;"PNAE MAIS EDUCACAO FUNDAMENTAL RV1070";A;7;0;0,00
17180540000000000000;1.7.1.8.05.4.0.00.00.00;201;41.620,80;34.141,12;0;"Transferencias Diretas do FNDE referentes ao Programa Nacional de Apoio ao Transporte do Escolar – PNATE";S;6;0;41.620,80
17180541000000000000;1.7.1.8.05.4.1.00.00.00;201;41.620,80;34.141,12;1016;"Transferencias Diretas do FNDE referentes ao Programa Nacional de Apoio ao Transporte do Escolar – PNATE - Principal";A;6;0;41.620,80
17180600000000000000;1.7.1.8.06.0.0.00.00.00;201;49.945,62;0,00;0;"Transferencia Financeira do ICMS – Desoneracao – L.C. No 87/96";S;5;0;49.945,62
17180610000000000000;1.7.1.8.06.1.0.00.00.00;201;49.945,62;0,00;0;"Transferencia Financeira do ICMS – Desoneracao – L.C. No 87/96";S;6;0;49.945,62
17180611000000000000;1.7.1.8.06.1.1.00.00.00;201;49.945,62;0,00;0;"Transferencia Financeira do ICMS – Desoneracao – L.C. No 87/96 - Principal";S;6;0;49.945,62
17180611010000000000;1.7.1.8.06.1.1.01.00.00;201;29.967,38;0,00;1;"Transferencia Financeira do ICMS – Desoneracao – L.C. No 87/96 - Principal  - PROPRIO";A;7;0;29.967,38
17180611020000000000;1.7.1.8.06.1.1.02.00.00;201;2.497,28;0,00;20;"Transferencia Financeira do ICMS – Desoneracao – L.C. No 87/96 - Principal  - MDE";A;7;0;2.497,28
17180611030000000000;1.7.1.8.06.1.1.03.00.00;201;7.491,84;0,00;40;"Transferencia Financeira do ICMS – Desoneracao – L.C. No 87/96 - Principal  - ASPS";A;7;0;7.491,84
17180611040000000000;1.7.1.8.06.1.1.04.00.00;201;9.989,12;0,00;31;"Transferencia Financeira do ICMS – Desoneracao – L.C. No 87/96 - Principal  - FUNDEB";A;7;0;9.989,12
17180800000000000000;1.7.1.8.08.0.0.00.00.00;201;0,00;50.000,00;0;"Transferencias Advindas de Emendas Parlamentares Individuais";S;5;0;50.000,00
17180810000000000000;1.7.1.8.08.1.0.00.00.00;201;0,00;50.000,00;0;"Transferencias Advindas de Emendas Parlamentares Individuais";S;6;0;50.000,00
17180811000000000000;1.7.1.8.08.1.1.00.00.00;201;0,00;50.000,00;0;"Transferencias Advindas de Emendas Parlamentares Individuais - Principal";S;6;0;50.000,00
17180811010000000000;1.7.1.8.08.1.1.01.00.00;201;0,00;50.000,00;4500;"Incremento Temporario Custeio AB Port. MS 1331/2019Dep. Jose Stedile Prop. 36000.253327/2019-00";A;7;0;50.000,00
17181200000000000000;1.7.1.8.12.0.0.00.00.00;201;107.359,12;47.567,90;0;"Transferencias de Recursos do Fundo Nacional de Assistencia Social – FNAS";S;5;0;107.359,12
17181210000000000000;1.7.1.8.12.1.0.00.00.00;201;107.359,12;47.567,90;0;"Transferencias de Recursos do Fundo Nacional de Assistencia Social – FNAS";S;6;0;107.359,12
17181211000000000000;1.7.1.8.12.1.1.00.00.00;201;107.359,12;47.567,90;0;"Transferencias de Recursos do Fundo Nacional de Assistencia Social – FNAS - Principal";S;6;0;107.359,12
17181211010000000000;1.7.1.8.12.1.1.01.00.00;201;16.606,51;15.042,07;1038;"IGD BF";A;7;0;16.606,51
17181211020000000000;1.7.1.8.12.1.1.02.00.00;201;1.529,56;0,00;1067;"IGD SUAS";A;7;0;1.529,56
17181211030000000000;1.7.1.8.12.1.1.03.00.00;201;36.910,55;14.525,83;1021;"SCFV FF";A;7;0;36.910,55
17181211040000000000;1.7.1.8.12.1.1.04.00.00;201;52.312,50;18.000,00;1064;"PAIF FF";A;7;0;52.312,50
17200000000000000000;1.7.2.0.00.0.0.00.00.00;201;9.637.829,07;8.287.242,74;0;"Transferencias dos Estados e do Distrito Federal e de suas Entidades";S;3;0;10.268.453,03
17280000000000000000;1.7.2.8.00.0.0.00.00.00;201;9.637.829,07;8.287.242,74;0;"Transferencias dos Estados - Especificas de Estados, DF e Municipios";S;4;0;10.268.453,03
17280100000000000000;1.7.2.8.01.0.0.00.00.00;201;8.977.382,11;7.736.582,31;0;"Participacao na Receita dos Estados";S;5;0;9.571.382,11
17280110000000000000;1.7.2.8.01.1.0.00.00.00;201;8.237.373,17;7.082.899,82;0;"Cota-Parte do ICMS";S;6;0;8.831.373,17
17280111000000000000;1.7.2.8.01.1.1.00.00.00;201;8.237.373,17;7.082.899,82;0;"Cota-Parte do ICMS - Principal";S;6;0;8.831.373,17
17280111010000000000;1.7.2.8.01.1.1.01.00.00;201;4.942.423,90;4.249.739,87;1;"Cota-Parte do ICMS - Principal  - PROPRIO";A;7;0;5.536.423,90
17280111020000000000;1.7.2.8.01.1.1.02.00.00;201;411.868,66;354.144,99;20;"Cota-Parte do ICMS - Principal  - MDE";A;7;0;411.868,66
17280111030000000000;1.7.2.8.01.1.1.03.00.00;201;1.235.605,98;1.062.434,97;40;"Cota-Parte do ICMS - Principal - ASPS";A;7;0;1.235.605,98
17280111040000000000;1.7.2.8.01.1.1.04.00.00;201;1.647.474,63;1.416.579,99;31;"Cota-Parte do ICMS - Principal  - FUNDEB";A;7;0;1.647.474,63
17280120000000000000;1.7.2.8.01.2.0.00.00.00;201;604.119,39;533.999,98;0;"Cota-Parte do IPVA";S;6;0;604.119,39
17280121000000000000;1.7.2.8.01.2.1.00.00.00;201;604.119,39;533.999,98;0;"Cota-Parte do IPVA - Principal";S;6;0;604.119,39
17280121010000000000;1.7.2.8.01.2.1.01.00.00;201;362.471,63;320.399,71;1;"Cota-Parte do IPVA - Principal  - PROPRIO";A;7;0;362.471,63
17280121020000000000;1.7.2.8.01.2.1.02.00.00;201;30.205,97;26.700,05;20;"Cota-Parte do IPVA - Principal  - MDE";A;7;0;30.205,97
17280121030000000000;1.7.2.8.01.2.1.03.00.00;201;90.617,91;80.100,04;40;"Cota-Parte do IPVA - Principal  - ASPS";A;7;0;90.617,91
17280121040000000000;1.7.2.8.01.2.1.04.00.00;201;120.823,88;106.800,18;31;"Cota-Parte do IPVA - Principal  - FUNDEB";A;7;0;120.823,88
17280130000000000000;1.7.2.8.01.3.0.00.00.00;201;126.574,99;110.381,46;0;"Cota-Parte do IPI - Municipios";S;6;0;126.574,99
17280131000000000000;1.7.2.8.01.3.1.00.00.00;201;126.574,99;110.381,46;0;"Cota-Parte do IPI - Municipios - Principal";S;6;0;126.574,99
17280131010000000000;1.7.2.8.01.3.1.01.00.00;201;75.944,99;66.228,81;1;"Cota-Parte do IPI - Municipios - Principal  - PROPRIO";A;7;0;75.944,99
17280131020000000000;1.7.2.8.01.3.1.02.00.00;201;6.328,75;5.519,09;20;"Cota-Parte do IPI - Municipios - Principal  - MDE";A;7;0;6.328,75
17280131030000000000;1.7.2.8.01.3.1.03.00.00;201;18.986,25;16.557,24;40;"Cota-Parte do IPI - Municipios - Principal  - ASPS";A;7;0;18.986,25
17280131040000000000;1.7.2.8.01.3.1.04.00.00;201;25.315,00;22.076,32;31;"Cota-Parte do IPI - Municipios - Principal  - FUNDEB";A;7;0;25.315,00
17280140000000000000;1.7.2.8.01.4.0.00.00.00;201;9.314,56;9.301,05;0;"Cota-Parte da Contribuicao de Intervencao no Dominio Economico";S;6;0;9.314,56
17280141000000000000;1.7.2.8.01.4.1.00.00.00;201;9.314,56;9.301,05;1018;"Cota-Parte da Contribuicao de Intervencao no Dominio Economico - Principal";A;6;0;9.314,56
17280300000000000000;1.7.2.8.03.0.0.00.00.00;201;353.382,30;255.623,39;0;"Transferencia de Recursos do Estado para Programas de Saude – Repasse Fundo a Fundo";S;5;0;390.006,26
17280310000000000000;1.7.2.8.03.1.0.00.00.00;201;353.382,30;255.623,39;0;"Transferencia de Recursos do Estado para Programas de Saude – Repasse Fundo a Fundo";S;6;0;390.006,26
17280311000000000000;1.7.2.8.03.1.1.00.00.00;201;353.382,30;255.623,39;0;"Transferencia de Recursos do Estado para Programas de Saude – Repasse Fundo a Fundo - Principal";S;6;0;390.006,26
17280311010000000000;1.7.2.8.03.1.1.01.00.00;201;117.244,95;105.960,59;4011;"PIES FE";A;7;0;117.244,95
17280311020000000000;1.7.2.8.03.1.1.02.00.00;201;180.000,00;76.000,00;4090;"PSF Estadual";A;7;0;180.000,00
17280311030000000000;1.7.2.8.03.1.1.03.00.00;201;14.931,15;0,00;4090;"PACS Estadual";A;7;0;14.931,15
17280311040000000000;1.7.2.8.03.1.1.04.00.00;201;13.206,20;12.545,89;4050;"Farmacia Basica Estadual";A;7;0;13.206,20
17280311050000000000;1.7.2.8.03.1.1.05.00.00;201;28.000,00;18.000,00;4160;PIM;A;7;0;28.000,00
17280311060000000000;1.7.2.8.03.1.1.06.00.00;201;0,00;4.000,00;4190;"DENGUE VERAO 2018-2019 VIG EPID RES CIBRS 517/2018 RV4190";A;7;0;4.000,00
17280311070000000000;1.7.2.8.03.1.1.07.00.00;201;0,00;36.270,00;4050;"FARMACIA BASICA - DISTRIBUICAO DE FRALDAS RV4050";A;7;0;32.623,96
17280311080000000000;1.7.2.8.03.1.1.08.00.00;201;0,00;2.846,91;4300;"NOTA FISCAL GAUCHA PROGRAMA SOLIDARIEDADE RV4300";A;7;0;0,00
17281000000000000000;1.7.2.8.10.0.0.00.00.00;201;306.986,20;294.984,54;0;"Transferencia de Convenios dos Estados e do Distrito Federal e de Suas Entidades";S;5;0;306.986,20
17281020000000000000;1.7.2.8.10.2.0.00.00.00;201;299.019,14;287.017,48;0;"Transferencias de Convenio dos Estados Destinadas a Programas de Educacao";S;6;0;299.019,14
17281021000000000000;1.7.2.8.10.2.1.00.00.00;201;299.019,14;287.017,48;0;"Transferencias de Convenio dos Estados Destinadas a Programas de Educacao - Principal";S;6;0;299.019,14
17281021010000000000;1.7.2.8.10.2.1.01.00.00;201;299.019,14;287.017,48;0;"Transferencias de Convenios para o Transporte Escolar - Principal";S;7;0;299.019,14
17281021010100000000;1.7.2.8.10.2.1.01.01.00;201;299.019,14;287.017,48;1017;"PEATE RS";A;8;0;299.019,14
17281090000000000000;1.7.2.8.10.9.0.00.00.00;201;7.967,06;7.967,06;0;"Outras Transferencias de Convenio dos Estados";S;6;0;7.967,06
17281091000000000000;1.7.2.8.10.9.1.00.00.00;201;7.967,06;7.967,06;0;"Outras Transferencias de Convenio dos Estados - Principal";S;6;0;7.967,06
17281091070000000000;1.7.2.8.10.9.1.07.00.00;201;7.967,06;7.967,06;1103;"Programa OASF - Orientacao e Apoio Socio-familiar - Principal";A;7;0;7.967,06
17289900000000000000;1.7.2.8.99.0.0.00.00.00;201;78,46;52,50;0;"Outras Transferencias dos Estados";S;5;0;78,46
17289910000000000000;1.7.2.8.99.1.0.00.00.00;201;78,46;52,50;0;"Outras Transferencias dos Estados";S;6;0;78,46
17289911000000000000;1.7.2.8.99.1.1.00.00.00;201;78,46;52,50;0;"Outras Transferencias dos Estados - Principal";S;6;0;78,46
17289911010000000000;1.7.2.8.99.1.1.01.00.00;201;78,46;52,50;1114;"Cota-parte das Multas de Transito - Principal";A;7;0;78,46
17400000000000000000;1.7.4.0.00.0.0.00.00.00;201;0,00;21.414,79;0;"Transferencias de Instituicoes Privadas";S;3;0;4.833,31
17400010000000000000;1.7.4.0.00.1.0.00.00.00;201;0,00;13.414,79;0;"Transferencias de Instituicoes Privadas";S;6;0;4.833,31
17400011000000000000;1.7.4.0.00.1.1.00.00.00;201;0,00;13.414,79;0;"Transferencias de Instituicoes Privadas - Principal";S;6;0;4.833,31
17400011010000000000;1.7.4.0.00.1.1.01.00.00;201;0,00;13.414,79;1050;"Doacoes em Beneficio de Criancas e Adolescentes - PJ - Principal";A;7;0;4.833,31
17480000000000000000;1.7.4.8.00.0.0.00.00.00;201;0,00;8.000,00;0;"Transferencias de Instituicoes Privadas - Especificas de Estados, DF e Municipios";S;4;0;0,00
17481000000000000000;1.7.4.8.10.0.0.00.00.00;201;0,00;8.000,00;0;"Outras Transferencia de Instituicoes Privadas para EST/DF/MUN - Nao Especificadas Anteriormente";S;5;0;0,00
17481010000000000000;1.7.4.8.10.1.0.00.00.00;201;0,00;8.000,00;0;"Outras Transferencia de Instituicoes Privadas para EST/DF/MUN - Nao Especificadas Anteriormente";S;6;0;0,00
17481011000000000000;1.7.4.8.10.1.1.00.00.00;201;0,00;8.000,00;0;"Outras Transferencia de Instituicoes Privadas para EST/DF/MUN - Nao Especificadas Anteriormente - Principal";S;6;0;0,00
17481011010000000000;1.7.4.8.10.1.1.01.00.00;201;0,00;8.000,00;1;"DOACAO CPM ESCOLA LAR DA CRIANCA 07.885.880/0001-70";A;7;0;0,00
17500000000000000000;1.7.5.0.00.0.0.00.00.00;201;2.652.772,32;2.307.924,84;0;"Transferencias de Outras Instituicoes Publicas";S;3;0;2.732.772,32
17580000000000000000;1.7.5.8.00.0.0.00.00.00;201;2.652.772,32;2.307.924,84;0;"Transferencias de Outras Instituicoes Publicas - Especificas de Estados, DF e Municipios";S;4;0;2.732.772,32
17580100000000000000;1.7.5.8.01.0.0.00.00.00;201;2.652.772,32;2.307.701,45;0;"Transferencias de Recursos do Fundo de Manutencao e Desenvolvimento da Educacao Basica e de Valorizacao dos Profissionais da Educacao – FUND";S;5;0;2.732.772,32
17580110000000000000;1.7.5.8.01.1.0.00.00.00;201;2.652.772,32;2.307.701,45;0;"Transferencias de Recursos do Fundo de Manutencao e Desenvolvimento da Educacao Basica e de Valorizacao dos Profissionais da Educacao – FUND";S;6;0;2.732.772,32
17580111000000000000;1.7.5.8.01.1.1.00.00.00;201;2.652.772,32;2.307.701,45;31;"Transferencias de Recursos do Fundo de Manutencao e Desenvolvimento da Educacao Basica e de Valorizacao dos Profissionais da Educacao – FUND";A;6;0;2.732.772,32
17589900000000000000;1.7.5.8.99.0.0.00.00.00;201;0,00;223,39;0;"Outras Transferencias Multigovernamentais";S;5;0;0,00
17589910000000000000;1.7.5.8.99.1.0.00.00.00;201;0,00;223,39;0;"Outras Transferencias Multigovernamentais";S;6;0;0,00
17589911000000000000;1.7.5.8.99.1.1.00.00.00;201;0,00;223,39;0;"Outras Transferencias Multigovernamentais - Principal";S;6;0;0,00
17589911010000000000;1.7.5.8.99.1.1.01.00.00;201;0,00;223,39;1;"IRRF PELO COFRON RATEADO AOS MUNICIPIOS PARTICIPES";A;7;0;0,00
19000000000000000000;1.9.0.0.00.0.0.00.00.00;201;591.790,23;154.846,55;0;"Outras Receitas Correntes";S;2;0;591.790,23
19200000000000000000;1.9.2.0.00.0.0.00.00.00;201;55.207,20;111.549,30;0;"Indenizacoes, Restituicoes e Ressarcimentos";S;3;0;55.207,20
19280000000000000000;1.9.2.8.00.0.0.00.00.00;201;55.207,20;111.549,30;0;"Indenizacoes, Restituicoes e Ressarcimentos - Especificas para Estados/DF/Municipios";S;4;0;55.207,20
19280100000000000000;1.9.2.8.01.0.0.00.00.00;201;33.203,00;35.929,78;0;"Indenizacoes- Especificas para Estados/DF/Municipios";S;5;0;33.203,00
19280110000000000000;1.9.2.8.01.1.0.00.00.00;201;33.203,00;35.929,78;0;"Indenizacoes - Especificas para Estados/DF/Municipios";S;6;0;33.203,00
19280111000000000000;1.9.2.8.01.1.1.00.00.00;201;33.203,00;35.929,78;0;"Indenizacoes - Especificas para Estados/DF/Municipios - Principal";S;6;0;33.203,00
19280111010000000000;1.9.2.8.01.1.1.01.00.00;201;33.203,00;35.929,78;1;"Participacao dos Servidores no Auxilio-Alimentacao - Principal";A;7;0;33.203,00
19280200000000000000;1.9.2.8.02.0.0.00.00.00;201;22.004,20;75.619,52;0;"Restituicoes - Especificas para Estados/DF/Municipios";S;5;0;22.004,20
19280290000000000000;1.9.2.8.02.9.0.00.00.00;201;22.004,20;75.619,52;0;"Outras Restituicoes - Especificas para Estados/DF/Municipios - Nao Especificadas Anteriormente";S;6;0;22.004,20
19280291000000000000;1.9.2.8.02.9.1.00.00.00;201;22.004,20;72.082,94;0;"Outras Restituicoes - Especificas para Estados/DF/Municipios - Nao Especificadas Anteriormente - Principal";S;6;0;22.004,20
19280291020000000000;1.9.2.8.02.9.1.02.00.00;201;22.004,20;70.950,00;1;"Programa Troca-troca - Principal";A;7;0;22.004,20
19280291080000000000;1.9.2.8.02.9.1.08.00.00;201;0,00;665,83;1;"Indenizacao  por Dano ao Patrimonio Publico - Principal";A;7;0;0,00
19280291090000000000;1.9.2.8.02.9.1.09.00.00;201;0,00;467,11;1;"Restituicao de Valores de Anos Anteriores - Principal";A;7;0;0,00
19280292000000000000;1.9.2.8.02.9.2.00.00.00;201;0,00;98,04;0;"Outras Restituicoes - Especificas para Estados/DF/Municipios - Nao Especificadas Anteriormente - MJM";S;6;0;0,00
19280292020000000000;1.9.2.8.02.9.2.02.00.00;201;0,00;98,04;1;"Programa Troca-troca - Multas e Juros de Mora";A;7;0;0,00
19280293000000000000;1.9.2.8.02.9.3.00.00.00;201;0,00;2.075,97;0;"Outras Restituicoes - Especificas para Estados/DF/Municipios - Nao Especificadas Anteriormente - Divida Ativa";S;6;0;0,00
19280293020000000000;1.9.2.8.02.9.3.02.00.00;201;0,00;1.630,16;1;"Programa Troca-troca - Divida Ativa";A;7;0;0,00
19280293080000000000;1.9.2.8.02.9.3.08.00.00;201;0,00;445,81;1;"Indenizacao  por Dano ao Patrimonio Publico - Divida Ativa";A;7;0;0,00
19280294000000000000;1.9.2.8.02.9.4.00.00.00;201;0,00;1.362,57;0;"Outras Restituicoes - Especificas para Estados/DF/Municipios - Nao Especificadas Anteriormente MJM da Divida Ativa";S;6;0;0,00
19280294020000000000;1.9.2.8.02.9.4.02.00.00;201;0,00;1.253,37;1;"Programa Troca-troca - Multas e Juros de Mora da Divida Ativa";A;7;0;0,00
19280294080000000000;1.9.2.8.02.9.4.08.00.00;201;0,00;109,20;1;"Indenizacao  por Dano ao Patrimonio Publico - Multa e Juros da Divida Ativa";A;7;0;0,00
19900000000000000000;1.9.9.0.00.0.0.00.00.00;201;536.583,03;43.297,25;0;"Demais Receitas Correntes";S;3;0;536.583,03
19909900000000000000;1.9.9.0.99.0.0.00.00.00;201;536.583,03;43.297,25;0;"Outras Receitas";S;5;0;536.583,03
19909920000000000000;1.9.9.0.99.2.0.00.00.00;201;40.248,84;43.297,25;0;"Outras Receitas - Financeiras";S;6;0;40.248,84
19909921000000000000;1.9.9.0.99.2.1.00.00.00;201;40.248,84;43.297,25;0;"Outras Receitas - Financeiras - Principal";S;6;0;40.248,84
19909921020000000000;1.9.9.0.99.2.1.02.00.00;201;40.248,84;43.297,25;1;"Descontos Financeiros Obtidos - Principal";A;7;0;40.248,84
19909999000000000000;1.9.9.0.99.9.9.00.00.00;201;496.334,19;0,00;1;"Receita Extraordinaria para Cobertura do Deficit";A;6;0;496.334,19
20000000000000000000;2.0.0.0.00.0.0.00.00.00;201;0,00;523.906,88;0;"Receitas de Capital";S;1;0;548.491,88
24000000000000000000;2.4.0.0.00.0.0.00.00.00;201;0,00;523.906,88;0;"Transferencias de Capital";S;2;0;548.491,88
24100000000000000000;2.4.1.0.00.0.0.00.00.00;201;0,00;523.906,88;0;"Transferencias da Uniao e de suas Entidades";S;3;0;548.491,88
24180000000000000000;2.4.1.8.00.0.0.00.00.00;201;0,00;523.906,88;0;"Transferencias da Uniao - Especificas de Estados, DF e Municipios";S;4;0;548.491,88
24181000000000000000;2.4.1.8.10.0.0.00.00.00;201;0,00;523.906,88;0;"Transferencia de Convenios da Uniao e de suas Entidades";S;5;0;548.491,88
24181070000000000000;2.4.1.8.10.7.0.00.00.00;201;0,00;172.095,00;0;"Transferencias de Convenios da Uniao destinadas a Programas de Infraestrutura em Transporte";S;6;0;245.850,00
24181071010000000000;2.4.1.8.10.7.1.01.00.00;201;0,00;122.925,00;1200;"PAVIMENTACAO CONVENIO 829118/2016/SICONV PROP6878/2016/SICONV RV1200";A;7;0;0,00
24181071020000000000;2.4.1.8.10.7.1.02.00.00;201;0,00;49.170,00;1203;"PAV. URB. SICONV CONVENIO 847175/17 RV1203 CONTRATO 1042465-17/2017";A;7;0;245.850,00
24181090000000000000;2.4.1.8.10.9.0.00.00.00;201;0,00;351.811,88;0;"Outras Transferencias de Convenios da Uniao";S;6;0;302.641,88
24181091000000000000;2.4.1.8.10.9.1.00.00.00;201;0,00;351.811,88;0;"Outras Transferencias de Convenios da Uniao - Principal";S;6;0;302.641,88
24181091010000000000;2.4.1.8.10.9.1.01.00.00;201;0,00;185.225,05;1206;"CONVENIO 876152/2018/SICONV PROP045635/2018SICONV RV1206";A;7;0;185.225,05
24181091020000000000;2.4.1.8.10.9.1.02.00.00;201;0,00;117.416,83;1207;"CONVENIO 877247/2018/SICONV PROP054169/2018SICONV RV1207";A;7;0;117.416,83
24181091030000000000;2.4.1.8.10.9.1.03.00.00;201;0,00;49.170,00;1022;"CONVENIO 809272/2014 RV1022 REFORMA AMPLIACAO QUADRA PRACA";A;7;0;0,00
70000000000000000000;7.0.0.0.00.0.0.00.00.00;201;2.583.653,35;1.824.287,39;0;"Receitas Correntes Intraorcamentarias";S;1;0;2.583.653,35
72000000000000000000;7.2.0.0.00.0.0.00.00.00;201;2.583.653,35;1.824.287,39;0;Contribuicoes;S;2;0;2.583.653,35
72100000000000000000;7.2.1.0.00.0.0.00.00.00;201;2.583.653,35;1.824.287,39;0;"Contribuicoes Sociais";S;3;0;2.583.653,35
72180000000000000000;7.2.1.8.00.0.0.00.00.00;201;2.583.653,35;1.824.287,39;0;"Contribuicoes Sociais Especificas de Estados, DF e Municipios";S;4;0;2.583.653,35
72180300000000000000;7.2.1.8.03.0.0.00.00.00;1201;2.447.524,00;1.690.025,51;0;"CPSSS Patronal - Servidor Civil - Especifico de EST/DF/MUN";S;5;0;2.447.524,00
72180310000000000000;7.2.1.8.03.1.0.00.00.00;1201;2.447.524,00;1.688.029,30;0;"CPSSS Patronal - Servidor Civil Ativo";S;6;0;2.447.524,00
72180311000000000000;7.2.1.8.03.1.1.00.00.00;1201;2.447.524,00;1.688.029,30;0;"CPSSS Patronal - Servidor Civil Ativo - Principal";S;6;0;2.447.524,00
72180311010000000000;7.2.1.8.03.1.1.01.00.00;1201;1.067.670,00;735.234,48;50;"CPSSS PATRONAL - SERVIDOR CIVIL ATIVO - NORMAL - PRINCIPAL";A;7;0;1.067.670,00
72180311020000000000;7.2.1.8.03.1.1.02.00.00;1201;1.379.854,00;952.794,82;50;"CPSSS PATRONAL - AMORTIZACAO DO PASSIVO ATUARIAL - PRINCIPAL";A;7;0;1.379.854,00
72180330000000000000;7.2.1.8.03.3.0.00.00.00;201;0,00;1.996,21;0;"CPSSS Patronal - Servidor Civil - Pensionistas Intraorcamentaria";S;6;0;0,00
72180331000000000000;7.2.1.8.03.3.1.00.00.00;1201;0,00;1.996,21;50;"CPSSS do Servidor Civil - Pensionistas Intraorcamentaria - Principal";A;6;0;0,00
72180400000000000000;7.2.1.8.04.0.0.00.00.00;1201;136.129,35;134.261,88;0;"CPSSS Patronal - Parcelamentos - Especifico de EST/DF/MUN";S;5;0;136.129,35
72180410000000000000;7.2.1.8.04.1.0.00.00.00;1201;136.129,35;134.261,88;0;"CPSSS Patronal - Parcelamentos - Servidor Civil Ativo";S;6;0;136.129,35
72180411000000000000;7.2.1.8.04.1.1.00.00.00;1201;136.129,35;134.261,88;50;"CPSSS Patronal - Parcelamentos - Servidor Civil Ativo - Principal";A;6;0;136.129,35
90000000000000000000;9.0.0.0.0.00.0.0.00.00.00;201;-3.650.517,72;-3.012.023,60;0;"(R) Deducoes da Receita";S;1;0;-3.650.517,72
91000000000000000000;9.1.0.0.0.00.0.0.00.00.00;201;-3.650.517,72;-3.012.023,60;0;"(R) Deducao das Receitas Correntes";S;2;0;-3.650.517,72
91100000000000000000;9.1.1.0.0.00.0.0.00.00.00;201;-65.000,00;-99.671,44;0;"(R) Deducoes da Receita de Impostos, Taxas e Contribuicoes de Melhoria";S;3;0;-65.000,00
91110000000000000000;9.1.1.1.0.00.0.0.00.00.00;201;-65.000,00;-99.671,44;0;"(R) Deducoes da Receita de Impostos";S;4;0;-65.000,00
91118000000000000000;9.1.1.1.8.00.0.0.00.00.00;201;-65.000,00;-99.671,44;0;"(R) Deducoes da Receita de Impostos Especificos de Estados/DF Municipios";S;5;0;-65.000,00
91118010000000000000;9.1.1.1.8.01.0.0.00.00.00;201;-65.000,00;-99.671,44;0;"(R) Deducao das Receitas de Impostos sobre o Patrimonio para Estados/DF Municipios";S;6;0;-65.000,00
91118011000000000000;9.1.1.1.8.01.1.0.00.00.00;201;-65.000,00;-75.473,44;0;"(R) Deducao da REceita de Imposto sobre a Propriedade Predial e Territorial Urbana";S;6;0;-65.000,00
91118011100000000000;9.1.1.1.8.01.1.1.00.00.00;201;-65.000,00;-75.473,44;0;"(R) Imposto sobre a Propriedade Predial e Territorial Urbana";S;7;0;-65.000,00
91118011101000000000;9.1.1.1.8.01.1.1.01.00.00;201;-39.000,00;-45.282,51;1;"(R) IPTU - PROPRIO";A;8;103;-39.000,00
91118011102000000000;9.1.1.1.8.01.1.1.02.00.00;201;-16.250,00;-18.869,54;20;"(R) IPTU - MDE";A;8;103;-16.250,00
91118011103000000000;9.1.1.1.8.01.1.1.03.00.00;201;-9.750,00;-11.321,39;40;"(R) IPTU - ASPS";A;8;103;-9.750,00
91118014000000000000;9.1.1.1.8.01.4.0.00.00.00;201;0,00;-24.198,00;0;"(R)Imposto sobre Transmissao “Inter Vivos” de Bens Imoveis e de Direitos Reais sobre Imoveis";S;6;0;0,00
91118014100000000000;9.1.1.1.8.01.4.1.00.00.00;201;0,00;-24.198,00;0;"(R)Imposto sobre Transmissao “Inter Vivos” de Bens Imoveis e de Direitos Reais sobre Imoveis - Prin";S;7;0;0,00
91118014101000000000;9.1.1.1.8.01.4.1.01.00.00;201;0,00;-3.862,80;1;"(R)ITBI - Principal - PROPRIO";A;8;108;0,00
91118014101000000000;9.1.1.1.8.01.4.1.01.00.00;201;0,00;-10.656,00;1;"(R)ITBI - Principal - PROPRIO";A;8;109;0,00
91118014102000000000;9.1.1.1.8.01.4.1.02.00.00;201;0,00;-1.609,50;20;"(R)ITBI - Principal - MDE";A;8;108;0,00
91118014102000000000;9.1.1.1.8.01.4.1.02.00.00;201;0,00;-4.440,00;20;"(R)ITBI - Principal - MDE";A;8;109;0,00
91118014103000000000;9.1.1.1.8.01.4.1.03.00.00;201;0,00;-965,70;40;"(R)ITBI - Principal - ASPS";A;8;108;0,00
91118014103000000000;9.1.1.1.8.01.4.1.03.00.00;201;0,00;-2.664,00;40;"(R)ITBI - Principal - ASPS";A;8;109;0,00
91300000000000000000;9.1.3.0.0.00.0.0.00.00.00;201;0,00;-47.883,91;0;"(R)Receita Patrimonial";S;3;0;0,00
91320000000000000000;9.1.3.2.0.00.0.0.00.00.00;201;0,00;-47.883,91;0;"(R)Valores Mobiliarios";S;4;0;0,00
91321000000000000000;9.1.3.2.1.00.0.0.00.00.00;201;0,00;-47.883,91;0;"(R)Juros e Correcoes Monetarias";S;5;0;0,00
91321004000000000000;9.1.3.2.1.00.4.0.00.00.00;201;0,00;-47.883,91;0;"(R)Remuneracao dos Recursos do Regime Proprio de Previdencia Social - RPPS";S;6;0;0,00
91321004100000000000;9.1.3.2.1.00.4.1.00.00.00;1201;0,00;-47.883,91;0;"(R)Remuneracao dos Recursos do Regime Proprio de Previdencia Social - RPPS - Principal";S;7;0;0,00
91321004101000000000;9.1.3.2.1.00.4.1.01.00.00;1201;0,00;-18.024,69;50;"(R)FPSM BB PREVID RF IMA-B TIT PUBL FI";A;8;109;0,00
91321004102000000000;9.1.3.2.1.00.4.1.02.00.00;1201;0,00;-22.770,41;50;"(R)FPSM BB RF IMAB 5+";A;8;109;0,00
91321004103000000000;9.1.3.2.1.00.4.1.03.00.00;1201;0,00;-7.088,81;50;"(R)FPSM CEF NOVO BRASIL RF LP";A;8;109;0,00
91700000000000000000;9.1.7.0.0.00.0.0.00.00.00;201;-3.585.517,72;-2.864.468,25;0;"(R) Deducoes da Receias de Transferencias Correntes";S;3;0;-3.585.517,72
91710000000000000000;9.1.7.1.0.00.0.0.00.00.00;201;-1.791.904,21;-1.319.011,77;0;"(R) Deducoes das Receitas de Transferencias da Uniao e de suas Entidades";S;4;0;-1.791.904,21
91718000000000000000;9.1.7.1.8.00.0.0.00.00.00;201;-1.791.904,21;-1.319.011,77;0;"(R) Deducoes das Receias de Transferencias da Uniao - Especifica E/M";S;5;0;-1.791.904,21
91718010000000000000;9.1.7.1.8.01.0.0.00.00.00;201;-1.781.915,09;-1.319.011,77;0;"(R) Deducoes das receitas de Participacao na Receita da Uniao";S;6;0;-1.781.915,09
91718012000000000000;9.1.7.1.8.01.2.0.00.00.00;201;-1.769.132,80;-1.301.978,11;0;"(R) Deducao da Cota-Parte do FPM - Mensal";S;6;0;-1.769.132,80
91718012100000000000;9.1.7.1.8.01.2.1.00.00.00;201;-1.769.132,80;-1.301.978,11;0;"(R) Deducoes da Receita do Fundo de Participacao dos Municipios - FPM";S;7;0;-1.769.132,80
91718012104000000000;9.1.7.1.8.01.2.1.04.00.00;201;-1.769.132,80;-1.301.978,11;31;"(R) Deducao da Receita para Formacao do FUNDEB - FPM";A;8;105;-1.769.132,80
91718015000000000000;9.1.7.1.8.01.5.0.00.00.00;201;-12.782,29;-17.033,66;0;"(R) Deducao da Cota-Parte do ITR";S;6;0;-12.782,29
91718015100000000000;9.1.7.1.8.01.5.1.00.00.00;201;-12.782,29;-17.033,66;0;"(R) Deducao da Receita do Imposto sobre a Propriedade Territorial Rural - ITR";S;7;0;-12.782,29
91718015104000000000;9.1.7.1.8.01.5.1.04.00.00;201;-12.782,29;-17.033,66;31;"(R) Deducao da Receita paraFormacao do FUNDEB - ITR";A;8;105;-12.782,29
91718060000000000000;9.1.7.1.8.06.0.0.00.00.00;201;-9.989,12;0,00;0;"(R) Deducao do ICMS Desoneracao";S;6;0;-9.989,12
91718061000000000000;9.1.7.1.8.06.1.0.00.00.00;201;-9.989,12;0,00;0;"(R) Deducao da Trasnferencia Financeira do ICMS - Desoneracao";S;6;0;-9.989,12
91718061100000000000;9.1.7.1.8.06.1.1.00.00.00;201;-9.989,12;0,00;0;"(R) Deducao da Receita do ICMS Desoneracao - LC 87/96";S;7;0;-9.989,12
91718061104000000000;9.1.7.1.8.06.1.1.04.00.00;201;-9.989,12;0,00;31;"(R) Deducao da Receita para Formacao do FUNDEB - ICMS Desoneracao";A;8;105;-9.989,12
91720000000000000000;9.1.7.2.0.00.0.0.00.00.00;201;-1.793.613,51;-1.545.456,48;0;"(R) Deducao das Trasnferencias dos Estados e do DF e de suas Entidades";S;4;0;-1.793.613,51
91728000000000000000;9.1.7.2.8.00.0.0.00.00.00;201;-1.793.613,51;-1.545.456,48;0;"(R) Deducao da Receita de Transferencia do Estado";S;5;0;-1.793.613,51
91728010000000000000;9.1.7.2.8.01.0.0.00.00.00;201;-1.793.613,51;-1.545.456,48;0;"(R) Deducao da Receita de Participacao na Receita do Estado";S;6;0;-1.793.613,51
91728011000000000000;9.1.7.2.8.01.1.0.00.00.00;201;-1.647.474,63;-1.416.579,98;0;"(R) Deducao da Cota-Parte do ICMS";S;6;0;-1.647.474,63
91728011100000000000;9.1.7.2.8.01.1.1.00.00.00;201;-1.647.474,63;-1.416.579,98;0;"(R) Deducao da Receita de ICMS";S;7;0;-1.647.474,63
91728011104000000000;9.1.7.2.8.01.1.1.04.00.00;201;-1.647.474,63;-1.416.579,98;31;"(R) Deducao da Receita para Formacao do FUNDEB - ICMS";A;8;105;-1.647.474,63
91728012000000000000;9.1.7.2.8.01.2.0.00.00.00;201;-120.823,88;-106.800,18;0;"(R) Deducao da Cota-Parte do IPVA";S;6;0;-120.823,88
91728012100000000000;9.1.7.2.8.01.2.1.00.00.00;201;-120.823,88;-106.800,18;0;"(R) Deducao da Receita da Cota-Parte do IPVA";S;7;0;-120.823,88
91728012104000000000;9.1.7.2.8.01.2.1.04.00.00;201;-120.823,88;-106.800,18;31;"(R) Deducao da Receita para Formacao do FUNDEB - IPVA";A;8;105;-120.823,88
91728013000000000000;9.1.7.2.8.01.3.0.00.00.00;201;-25.315,00;-22.076,32;0;"(R) Deducao da Cota-Parte do IPI-Municipios";S;6;0;-25.315,00
91728013100000000000;9.1.7.2.8.01.3.1.00.00.00;201;-25.315,00;-22.076,32;0;"(R) Deducao da Receita do IPI/Exportacao";S;7;0;-25.315,00
91728013104000000000;9.1.7.2.8.01.3.1.04.00.00;201;-25.315,00;-22.076,32;31;"(R) Deducao da Receita para Formacao do FUNDEB - IPI/Exportacao";A;8;105;-25.315,00
