nro;nro_f;uniorcam;orcada;realizada;rv;receita;tipo_nivel;nivel;cp
10000000000000000000;1.0.0.0.00.0.0.00.00.00;201;27.939.785,61;29.000.673,90;0;"Receitas Correntes";S;1;0
11000000000000000000;1.1.0.0.00.0.0.00.00.00;201;2.324.630,56;2.365.067,62;0;"Impostos, Taxas e Contribuicoes de Melhoria";S;2;0
11100000000000000000;1.1.1.0.00.0.0.00.00.00;201;2.289.203,47;2.319.892,96;0;Impostos;S;3;0
11120000000000000000;1.1.1.2.00.0.0.00.00.00;201;100.000,00;81.978,44;0;"Impostos sobre o Patrimonio";S;4;0
11120100000000000000;1.1.1.2.01.0.0.00.00.00;201;100.000,00;81.978,44;0;"Imposto sobre a Propriedade Territorial Rural";S;5;0
11120110000000000000;1.1.1.2.01.1.0.00.00.00;201;100.000,00;81.978,44;0;"Imposto sobre a Propriedade Territorial Rural - Municipios Conveniados";S;6;0
11120111000000000000;1.1.1.2.01.1.1.00.00.00;201;100.000,00;81.978,44;0;"Imposto sobre a Propriedade Territorial Rural - Municipios Conveniados - Principal";S;6;0
11120111010000000000;1.1.1.2.01.1.1.01.00.00;201;60.000,00;49.187,03;1;"ITR - Municipios Conveniados - Principal - PROPRIO";A;7;0
11120111020000000000;1.1.1.2.01.1.1.02.00.00;201;5.000,00;4.098,91;20;"ITR - Municipios Conveniados - Principal - MDE";A;7;0
11120111030000000000;1.1.1.2.01.1.1.03.00.00;201;15.000,00;12.296,78;40;"ITR - Municipios Conveniados - Principal - ASPS";A;7;0
11120111040000000000;1.1.1.2.01.1.1.04.00.00;201;20.000,00;16.395,72;31;"ITR - Municipios Conveniados - Principal - FUNDEB";A;7;0
11130000000000000000;1.1.1.3.00.0.0.00.00.00;201;507.371,14;548.450,15;0;"Impostos sobre a Renda e Proventos de Qualquer Natureza";S;4;0
11130300000000000000;1.1.1.3.03.0.0.00.00.00;201;507.371,14;548.450,15;0;"Imposto sobre a Renda - Retido na Fonte";S;5;0
11130310000000000000;1.1.1.3.03.1.0.00.00.00;201;507.371,14;547.985,97;0;"Imposto sobre a Renda - Retido na Fonte - Trabalho";S;6;0
11130311000000000000;1.1.1.3.03.1.1.00.00.00;201;507.371,14;547.985,97;0;"Imposto sobre a Renda - Retido na Fonte - Trabalho - Principal";S;6;0
11130311010000000000;1.1.1.3.03.1.1.01.00.00;201;405.676,34;449.440,72;0;"IRRF sobre Rendimentos do  Trabalho - Principal - Ativos/Inativos do Poder Executivo/Indiretas";S;7;0
11130311010100000000;1.1.1.3.03.1.1.01.01.00;201;243.305,81;269.664,43;1;"IRRF sobre Rendimentos do  Trabalho - Principal - Ativos/Inativos do Poder Executivo/Indiretas - PRO";A;8;0
11130311010200000000;1.1.1.3.03.1.1.01.02.00;201;101.544,08;112.360,19;20;"IRRF sobre Rendimentos do  Trabalho - Principal - Ativos/Inativos do Poder Executivo/Indiretas - MDE";A;8;0
11130311010300000000;1.1.1.3.03.1.1.01.03.00;201;60.826,45;67.416,10;40;"IRRF sobre Rendimentos do  Trabalho - Principal - Ativos/Inativos do Poder Executivo/Indiretas- ASPS";A;8;0
11130311020000000000;1.1.1.3.03.1.1.02.00.00;201;48.870,97;36.630,19;0;"IRRF sobre Rendimentos do  Trabalho - Principal - Ativos/Inativos do Poder Legislativo";S;7;0
11130311020100000000;1.1.1.3.03.1.1.02.01.00;201;29.322,58;21.978,11;1;"IRRF sobre Rendimentos do  Trabalho - Principal - Ativos/Inativos do Poder Legislativo - PROPRIO";A;8;0
11130311020200000000;1.1.1.3.03.1.1.02.02.00;201;12.217,74;9.157,56;20;"IRRF sobre Rendimentos do  Trabalho - Principal - Ativos/Inativos do Poder Legislativo - MDE";A;8;0
11130311020300000000;1.1.1.3.03.1.1.02.03.00;201;7.330,65;5.494,52;40;"IRRF sobre Rendimentos do  Trabalho - Principal - Ativos/Inativos do Poder Legislativo - ASPS";A;8;0
11130311030000000000;1.1.1.3.03.1.1.03.00.00;201;52.823,83;61.915,06;0;"IRRF sobre Rendimentos do  Trabalho - Principal - Inativos pagos pelo RPPS";S;7;0
11130311030100000000;1.1.1.3.03.1.1.03.01.00;201;31.694,30;37.149,00;1;"IRRF sobre Rendimentos do  Trabalho - Principal - Inativos pagos pelo RPPS - PROPRIO";A;8;0
11130311030200000000;1.1.1.3.03.1.1.03.02.00;201;13.205,96;15.478,79;20;"IRRF sobre Rendimentos do  Trabalho - Principal - Inativos pagos pelo RPPS - MDE";A;8;0
11130311030300000000;1.1.1.3.03.1.1.03.03.00;201;7.923,57;9.287,27;40;"IRRF sobre Rendimentos do  Trabalho - Principal - Inativos pagos pelo RPPS - ASPS";A;8;0
11130340000000000000;1.1.1.3.03.4.0.00.00.00;201;0,00;464,18;0;"Imposto sobre a Renda - Retido na Fonte - Outros Rendimentos";S;6;0
11130341000000000000;1.1.1.3.03.4.1.00.00.00;201;0,00;464,18;0;"Imposto sobre a Renda - Retido na Fonte - Outros Rendimentos - Principal";S;6;0
11130341010000000000;1.1.1.3.03.4.1.01.00.00;201;0,00;464,18;0;"IRRF - Outros Rendimentos - Principal - Poder Executivo";S;7;0
11130341010100000000;1.1.1.3.03.4.1.01.01.00;201;0,00;278,50;1;"IRRF - Outros Rendimentos - Principal - Poder Executivo - PROPRIO";A;8;0
11130341010200000000;1.1.1.3.03.4.1.01.02.00;201;0,00;116,05;20;"IRRF - Outros Rendimentos - Principal - Poder Executivo - Principal - MDE";A;8;0
11130341010300000000;1.1.1.3.03.4.1.01.03.00;201;0,00;69,63;40;"IRRF - Outros Rendimentos - Principal - Poder Executivo - Principal - ASPS";A;8;0
11180000000000000000;1.1.1.8.00.0.0.00.00.00;201;1.681.832,33;1.689.464,37;0;"Impostos Especificos de Estados/DF Municipios";S;4;0
11180100000000000000;1.1.1.8.01.0.0.00.00.00;201;1.389.634,65;1.368.265,51;0;"Impostos sobre o Patrimonio para Estados/DF/Municipios";S;5;0
11180110000000000000;1.1.1.8.01.1.0.00.00.00;201;514.371,00;415.063,75;0;"Imposto sobre a Propriedade Predial e Territorial Urbana";S;6;0
11180111000000000000;1.1.1.8.01.1.1.00.00.00;201;416.358,17;340.993,28;0;"Imposto sobre a Propriedade Predial e Territorial Urbana - Principal";S;6;0
11180111010000000000;1.1.1.8.01.1.1.01.00.00;201;248.014,90;204.593,64;1;"IPTU - Principal - PROPRIO";A;7;0
11180111020000000000;1.1.1.8.01.1.1.02.00.00;201;106.339,54;85.250,23;20;"IPTU - Principal - MDE";A;7;0
11180111030000000000;1.1.1.8.01.1.1.03.00.00;201;62.003,73;51.149,41;40;"IPTU - Principal - ASPS";A;7;0
11180112000000000000;1.1.1.8.01.1.2.00.00.00;201;2.841,67;3.861,23;0;"Imposto sobre a Propriedade Predial e Territorial Urbana - Multas e Juros";S;6;0
11180112010000000000;1.1.1.8.01.1.2.01.00.00;201;1.705,00;2.316,52;1;"IPTU - Multas e Juros - PROPRIO";A;7;0
11180112020000000000;1.1.1.8.01.1.2.02.00.00;201;710,42;965,49;20;"IPTU - Multas e Juros - MDE";A;7;0
11180112030000000000;1.1.1.8.01.1.2.03.00.00;201;426,25;579,22;40;"IPTU - Multas e Juros - ASPS";A;7;0
11180113000000000000;1.1.1.8.01.1.3.00.00.00;201;71.140,90;52.184,93;0;"Imposto sobre a Propriedade Predial e Territorial Urbana - Divida Ativa";S;6;0
11180113010000000000;1.1.1.8.01.1.3.01.00.00;201;42.684,54;31.310,31;1;"IPTU - Divida Ativa - PROPRIO";A;7;0
11180113020000000000;1.1.1.8.01.1.3.02.00.00;201;17.785,22;13.046,83;20;"IPTU - Divida Ativa - MDE";A;7;0
11180113030000000000;1.1.1.8.01.1.3.03.00.00;201;10.671,14;7.827,79;40;"IPTU - Divida Ativa - ASPS";A;7;0
11180114000000000000;1.1.1.8.01.1.4.00.00.00;201;24.030,26;18.024,31;0;"Imposto sobre a Propriedade Predial e Territorial Urbana - Divida Ativa - Multas e Juros";S;6;0
11180114010000000000;1.1.1.8.01.1.4.01.00.00;201;14.418,16;10.814,10;1;"IPTU - Divida Ativa - Multas e Juros - PROPRIO";A;7;0
11180114020000000000;1.1.1.8.01.1.4.02.00.00;201;6.007,56;4.506,46;20;"IPTU - Divida Ativa - Multas e Juros - MDE";A;7;0
11180114030000000000;1.1.1.8.01.1.4.03.00.00;201;3.604,54;2.703,75;40;"IPTU - Divida Ativa - Multas e Juros - ASPS";A;7;0
11180140000000000000;1.1.1.8.01.4.0.00.00.00;201;875.263,65;953.201,76;0;"Imposto sobre Transmissao “Inter Vivos” de Bens Imoveis e de Direitos Reais sobre Imoveis";S;6;0
11180141000000000000;1.1.1.8.01.4.1.00.00.00;201;875.263,65;953.201,76;0;"Imposto sobre Transmissao “Inter Vivos” de Bens Imoveis e de Direitos Reais sobre Imoveis - Principa";S;6;0
11180141010000000000;1.1.1.8.01.4.1.01.00.00;201;527.408,19;571.921,04;1;"ITBI - Principal - PROPRIO";A;7;0
11180141020000000000;1.1.1.8.01.4.1.02.00.00;201;219.003,41;238.300,45;20;"ITBI - Principal - MDE";A;7;0
11180141030000000000;1.1.1.8.01.4.1.03.00.00;201;128.852,05;142.980,27;40;"ITBI - Principal - ASPS";A;7;0
11180200000000000000;1.1.1.8.02.0.0.00.00.00;201;292.197,68;321.198,86;0;"Impostos sobre a Producao, circulacao de Mercadorias e Servicos";S;5;0
11180230000000000000;1.1.1.8.02.3.0.00.00.00;201;292.197,68;321.198,86;0;"Imposto sobre Servicos de Qualquer Natureza";S;6;0
11180231000000000000;1.1.1.8.02.3.1.00.00.00;201;289.969,93;317.474,28;0;"Imposto sobre Servicos de Qualquer Natureza - Principal";S;6;0
11180231010000000000;1.1.1.8.02.3.1.01.00.00;201;173.981,96;190.483,75;1;"ISS - Principal - PROPRIO";A;7;0
11180231020000000000;1.1.1.8.02.3.1.02.00.00;201;72.492,48;79.369,14;20;"ISS - Principal - MDE";A;7;0
11180231030000000000;1.1.1.8.02.3.1.03.00.00;201;43.495,49;47.621,39;40;"ISS - Principal - ASPS";A;7;0
11180232000000000000;1.1.1.8.02.3.2.00.00.00;201;2.227,75;3.248,58;0;"Imposto sobre Servicos de Qualquer Natureza - Multas e Juros";S;6;0
11180232010000000000;1.1.1.8.02.3.2.01.00.00;201;1.336,65;1.949,09;1;"ISS - Multas e Juros - PROPRIO";A;7;0
11180232020000000000;1.1.1.8.02.3.2.02.00.00;201;556,94;812,19;20;"ISS - Multas e Juros - MDE";A;7;0
11180232030000000000;1.1.1.8.02.3.2.03.00.00;201;334,16;487,30;40;"ISS - Multas e Juros - ASPS";A;7;0
11180233000000000000;1.1.1.8.02.3.3.00.00.00;201;0,00;373,89;0;"Imposto sobre Servicos de Qualquer Natureza - Divida Ativa";S;6;0
11180233010000000000;1.1.1.8.02.3.3.01.00.00;201;0,00;224,34;1;"ISS - Divida Ativa - PROPRIO";A;7;0
11180233020000000000;1.1.1.8.02.3.3.02.00.00;201;0,00;93,47;20;"ISS - Divida Ativa - MDE";A;7;0
11180233030000000000;1.1.1.8.02.3.3.03.00.00;201;0,00;56,08;40;"ISS - Divida Ativa - ASPS";A;7;0
11180234000000000000;1.1.1.8.02.3.4.00.00.00;201;0,00;102,11;0;"Imposto sobre Servicos de Qualquer Natureza - Divida Ativa - Multas e Juros";S;6;0
11180234010000000000;1.1.1.8.02.3.4.01.00.00;201;0,00;61,26;1;"ISS - Divida Ativa -Multas e Juros - PROPRIO";A;7;0
11180234020000000000;1.1.1.8.02.3.4.02.00.00;201;0,00;25,53;20;"ISS - Divida Ativa -Multas e Juros - MDE";A;7;0
11180234030000000000;1.1.1.8.02.3.4.03.00.00;201;0,00;15,32;40;"ISS - Divida Ativa -Multas e Juros - ASPS";A;7;0
11200000000000000000;1.1.2.0.00.0.0.00.00.00;201;35.427,09;45.174,66;0;Taxas;S;3;0
11210000000000000000;1.1.2.1.00.0.0.00.00.00;201;32.590,36;44.605,22;0;"Taxas pelo Exercicio do Poder de Policia";S;4;0
11210100000000000000;1.1.2.1.01.0.0.00.00.00;201;28.100,74;38.869,22;0;"Taxas de Inspecao, Controle e Fiscalizacao";S;5;0
11210110000000000000;1.1.2.1.01.1.0.00.00.00;201;28.100,74;38.869,22;0;"Taxas de Inspecao, Controle e Fiscalizacao";S;6;0
11210111000000000000;1.1.2.1.01.1.1.00.00.00;201;28.100,74;33.615,00;1;"Taxas de Inspecao, Controle e Fiscalizacao - Principal";A;6;0
11210112000000000000;1.1.2.1.01.1.2.00.00.00;201;0,00;295,53;1;"Taxas de Inspecao, Controle e Fiscalizacao - Multas e Juros";A;6;0
11210113000000000000;1.1.2.1.01.1.3.00.00.00;201;0,00;3.724,67;1;"Taxas de Inspecao, Controle e Fiscalizacao - Divida Ativa";A;6;0
11210114000000000000;1.1.2.1.01.1.4.00.00.00;201;0,00;1.234,02;1;"Taxas de Inspecao, Controle e Fiscalizacao - Divida Ativa - Multas e Juros";A;6;0
11210400000000000000;1.1.2.1.04.0.0.00.00.00;201;4.489,62;5.736,00;0;"Taxa de Controle e Fiscalizacao Ambiental";S;5;0
11210410000000000000;1.1.2.1.04.1.0.00.00.00;201;4.489,62;5.736,00;0;"Taxa de Controle e Fiscalizacao Ambiental";S;6;0
11210411000000000000;1.1.2.1.04.1.1.00.00.00;201;4.489,62;5.736,00;1005;"Taxa de Controle e Fiscalizacao Ambiental - Principal";A;6;0
11220000000000000000;1.1.2.2.00.0.0.00.00.00;201;2.836,73;569,44;0;"Taxas pela Prestacao de Servicos";S;4;0
11220100000000000000;1.1.2.2.01.0.0.00.00.00;201;2.836,73;569,44;0;"Taxas pela Prestacao de Servicos";S;5;0
11220110000000000000;1.1.2.2.01.1.0.00.00.00;201;2.836,73;569,44;0;"Taxas pela Prestacao de Servicos";S;6;0
11220111000000000000;1.1.2.2.01.1.1.00.00.00;201;2.836,73;497,00;1;"Taxas pela Prestacao de Servicos - Principal";A;6;0
11220114000000000000;1.1.2.2.01.1.4.00.00.00;201;0,00;72,44;1;"Taxas pela Prestacao de Servicos - Divida Ativa - Multas e Juros";A;6;0
12000000000000000000;1.2.0.0.00.0.0.00.00.00;201;892.150,05;951.572,11;0;Contribuicoes;S;2;0
12100000000000000000;1.2.1.0.00.0.0.00.00.00;201;776.777,61;792.627,91;0;"Contribuicoes Sociais";S;3;0
12100400000000000000;1.2.1.0.04.0.0.00.00.00;201;776.777,61;792.627,91;0;"Contribuicao para o Regime Proprio de Previdencia Social - RPPS";S;5;0
12100410000000000000;1.2.1.0.04.1.0.00.00.00;201;0,00;0,00;0;"Contribuicao Patronal de Servidor Ativo Civil para o RPPS";S;6;0
12100412000000000000;1.2.1.0.04.1.2.00.00.00;201;0,00;0,00;50;"Contribuicao Patronal de Servidor Ativo Civil para o RPPS - Multas e Juros";A;6;0
12100420000000000000;1.2.1.0.04.2.0.00.00.00;201;776.777,61;792.627,91;0;"Contribuicao do Servidor Ativo Civil para o RPPS";S;6;0
12100421000000000000;1.2.1.0.04.2.1.00.00.00;201;776.777,61;792.627,91;50;"Segurados- Contribuicao do Servidor Ativo Civil para o RPPS - Principal";A;6;0
12400000000000000000;1.2.4.0.00.0.0.00.00.00;201;115.372,44;158.944,20;0;"Contribuicao para o Custeio do Servico de Iluminacao Publica";S;3;0
12400010000000000000;1.2.4.0.00.1.0.00.00.00;201;115.372,44;158.944,20;0;"Contribuicao para o Custeio do Servico de Iluminacao Publica";S;6;0
12400011000000000000;1.2.4.0.00.1.1.00.00.00;201;115.372,44;158.944,20;1;"CIP- Contribuicao para o Custeio do Servico de Iluminacao Publica - Principal";A;6;0
13000000000000000000;1.3.0.0.00.0.0.00.00.00;201;2.301.062,71;2.961.013,04;0;"Receita Patrimonial";S;2;0
13100000000000000000;1.3.1.0.00.0.0.00.00.00;201;168.809,50;173.675,72;0;"Exploracao do Patrimonio Imobiliario do Estado";S;3;0
13100100000000000000;1.3.1.0.01.0.0.00.00.00;201;168.809,50;173.675,72;0;"Alugueis, Arrendamentos, Foros, Laudemios, Tarifas de Ocupacao";S;5;0
13100110000000000000;1.3.1.0.01.1.0.00.00.00;201;168.809,50;173.675,72;0;"Alugueis e Arrendamentos";S;6;0
13100111000000000000;1.3.1.0.01.1.1.00.00.00;201;168.809,50;171.624,00;1;"Alugueis e Arrendamentos - Principal";A;6;0
13100112000000000000;1.3.1.0.01.1.2.00.00.00;201;0,00;343,48;1;"Alugueis e Arrendamentos - Multas e Juros";A;6;0
13100113000000000000;1.3.1.0.01.1.3.00.00.00;201;0,00;1.681,83;1;"Alugueis e Arrendamentos - Divida Ativa";A;6;0
13100114000000000000;1.3.1.0.01.1.4.00.00.00;201;0,00;26,41;1;"Alugueis e Arrendamentos - Divida Ativa - Multas e Juros";A;6;0
13200000000000000000;1.3.2.0.00.0.0.00.00.00;201;1.784.403,21;2.422.337,32;0;"Valores Mobiliarios";S;3;0
13210000000000000000;1.3.2.1.00.0.0.00.00.00;201;1.784.403,21;2.422.337,32;0;"Juros e Correcoes Monetarias";S;4;0
13210010000000000000;1.3.2.1.00.1.0.00.00.00;201;142.751,38;164.565,97;0;"Remuneracao de Depositos Bancarios";S;6;0
13210011000000000000;1.3.2.1.00.1.1.00.00.00;201;142.751,38;164.565,97;0;"Remuneracao de Depositos Bancarios - Principal";S;6;0
13210011010000000000;1.3.2.1.00.1.1.01.00.00;201;9.395,51;60.600,29;0;"Remuneracao de Depositos de Recursos Vinculados - Principal";S;7;0
13210011010200000000;1.3.2.1.00.1.1.01.02.00;201;0,00;13.773,61;31;"Remuneracao de Depositos  Bancarios de Recursos Vinculados - FUNDEB - Principal";A;8;0
13210011010300000000;1.3.2.1.00.1.1.01.03.00;201;6.194,80;32.797,48;0;"Remuneracao de Depositos  Bancarios de Recursos Vinculados - Fundo de Saude - Principal";S;8;0
13210011010301000000;1.3.2.1.00.1.1.01.03.01;201;0,00;2.017,40;4510;"Rendimentos do PAB Fixo 4510";A;8;0
13210011010302000000;1.3.2.1.00.1.1.01.03.02;201;0,00;1.225,72;4111;"Rendimentos Protese Dentaria FE RV4111";A;8;0
13210011010303000000;1.3.2.1.00.1.1.01.03.03;201;0,00;2.567,03;4303;"Rendimentos Construcao UBS RV4303";A;8;0
13210011010304000000;1.3.2.1.00.1.1.01.03.04;201;266,81;532,09;4935;"Rendimentos Construcao UBS RV4935";A;8;0
13210011010305000000;1.3.2.1.00.1.1.01.03.05;201;126,39;471,46;4710;"Rendimentos PQAVS RV4710";A;8;0
13210011010306000000;1.3.2.1.00.1.1.01.03.06;201;0,00;64,52;4510;"Rendimentos Telessaude RV4510";A;8;0
13210011010307000000;1.3.2.1.00.1.1.01.03.07;201;237,06;552,38;4720;"Rendimentos Aperfeicoamento do SUS RV4720";A;8;0
13210011010308000000;1.3.2.1.00.1.1.01.03.08;201;265,97;979,20;4710;"Rendimentos IPVS RV4710";A;8;0
13210011010309000000;1.3.2.1.00.1.1.01.03.09;201;0,00;1.503,15;4050;"Rendimentos Fraldas RV4050";A;8;0
13210011010310000000;1.3.2.1.00.1.1.01.03.10;201;0,00;1.023,47;4590;"Rendimentos Teto MAC RV4590";A;8;0
13210011010311000000;1.3.2.1.00.1.1.01.03.11;201;0,00;414,25;4521;"Rendimentos PMAQ RV4521";A;8;0
13210011010312000000;1.3.2.1.00.1.1.01.03.12;201;0,00;4.653,39;4931;"Rendimentos C/C 11.229-1 Equip Mat Perm FMS RV4931";A;8;0
13210011010313000000;1.3.2.1.00.1.1.01.03.13;201;0,00;4.494,52;4931;"Rendimentos C/C 11.304-2 Equip Mat Perm FMS RV4931";A;8;0
13210011010314000000;1.3.2.1.00.1.1.01.03.14;201;0,00;172,56;4520;"Rendimentos Implantacao NASF RV4520";A;8;0
13210011010315000000;1.3.2.1.00.1.1.01.03.15;201;260,86;991,88;4760;"Rendimentos Acoes Estrut VISA RV4760";A;8;0
13210011010316000000;1.3.2.1.00.1.1.01.03.16;201;0,00;310,49;4520;"RENDIMENTOS DO PAB VARIAVEL";A;8;0
13210011010318000000;1.3.2.1.00.1.1.01.03.18;201;86,66;89,96;4503;"RENDIMENTOS ASSISTENCIA FARMACEUTICAFEDERAL RV4503";A;8;0
13210011010319000000;1.3.2.1.00.1.1.01.03.19;201;0,00;131,96;4160;"RENDIMENTOS PIM ESTADUAL 4160";A;8;0
13210011010320000000;1.3.2.1.00.1.1.01.03.20;201;1.048,77;1.222,38;4011;"RENDIMENTOS PIES 4011 FE";A;8;0
13210011010321000000;1.3.2.1.00.1.1.01.03.21;201;0,00;279,80;4050;"RENDIMENTOS FARMACIA BASICA FE 4050 FE";A;8;0
13210011010322000000;1.3.2.1.00.1.1.01.03.22;201;1.400,00;1.464,19;4090;"RENDIMENTO PSF ESTADUAL 4090 FE";A;8;0
13210011010324000000;1.3.2.1.00.1.1.01.03.24;201;0,00;1.909,57;4936;"RENDIMENTOS AMBULANCIA PORT3673 RV4936";A;8;0
13210011010325000000;1.3.2.1.00.1.1.01.03.25;201;0,00;1.518,72;4931;"Rendimentos Equip Mat Perman FMS RV4931";A;8;0
13210011010326000000;1.3.2.1.00.1.1.01.03.26;201;2.500,00;4.187,99;4520;"REND. INCREMENTO TEMPORARIO PISO AB EMENDA PARLAMENTAR PORT1000/18";A;8;0
13210011010327000000;1.3.2.1.00.1.1.01.03.27;201;2,28;2,28;4011;"1734-REND. INCENTIVO P/ CONTROLE DA TUBERCULOSE (PMCT) NA ATENCAO BASICA 4011 FE RES CIBS 507/11";A;8;0
13210011010329000000;1.3.2.1.00.1.1.01.03.29;201;0,00;17,12;4503;"REND. ORGANIZACAO FARMACIA BLOCO CUSTEIO RV 4503";A;8;0
13210011010700000000;1.3.2.1.00.1.1.01.07.00;201;854,27;3.519,36;0;"Remuneracao de Depositos  Bancarios de Recursos Vinculados - Fundo Nacional de Assistencia Social -";S;8;0
13210011010701000000;1.3.2.1.00.1.1.01.07.01;201;854,27;1.038,54;1064;"Rendimentos PSB PBFI FMAS RV1064";A;8;0
13210011010702000000;1.3.2.1.00.1.1.01.07.02;201;0,00;1.706,23;1021;"Rendimentos PSB SCFV FMAS RV1021";A;8;0
13210011010703000000;1.3.2.1.00.1.1.01.07.03;201;0,00;343,25;1038;"Rendimentos GBF IGDBG RV1038";A;8;0
13210011010704000000;1.3.2.1.00.1.1.01.07.04;201;0,00;237,64;1067;"Rendimentos GSUAS IGD-SUAS FMAS RV1067";A;8;0
13210011010705000000;1.3.2.1.00.1.1.01.07.05;201;0,00;193,70;1103;"Rendimentos OASF/FEAS RV1103";A;8;0
13210011010800000000;1.3.2.1.00.1.1.01.08.00;201;16,81;1.168,50;0;"Remuneracao de Depositos  Bancarios de Recursos Vinculados - Fundo Nacional de Desenvolvimento da Ed";S;8;0
13210011010801000000;1.3.2.1.00.1.1.01.08.01;201;0,00;95,49;1071;"Rendimentos PNAE Educ. Espacial RV1071";A;8;0
13210011010802000000;1.3.2.1.00.1.1.01.08.02;201;0,00;39,77;1059;"Rendimentos PNAE EJA RV1059";A;8;0
13210011010803000000;1.3.2.1.00.1.1.01.08.03;201;0,00;389,72;1014;"Rendimentos Salario Educacao QSE RV1014";A;8;0
13210011010804000000;1.3.2.1.00.1.1.01.08.04;201;0,00;542,84;1017;"Rendimentos PEATERS RV1017";A;8;0
13210011010805000000;1.3.2.1.00.1.1.01.08.05;201;0,00;83,87;1016;"Rendimentos do PNATE RV1016";A;8;0
13210011010806000000;1.3.2.1.00.1.1.01.08.06;201;16,81;16,81;1072;"RENDIMENTOS Apoio Financeiro AFM - Resolucao FNDE 11/2018";A;8;0
13210011010900000000;1.3.2.1.00.1.1.01.09.00;201;0,00;161,67;0;"Remuneracao de Depositos  Bancarios de Recursos Vinculados - Fundo de Assistencia Social do Servidor";S;8;0
13210011010908000000;1.3.2.1.00.1.1.01.09.08;201;0,00;161,67;1202;"Rend Poup Trator Agricola SICONV 034964/2016 RV1202";A;8;0
13210011019900000000;1.3.2.1.00.1.1.01.99.00;201;2.329,63;9.179,67;0;"Remuneracao de Outros Depositos  Bancarios de Recursos Vinculados - Principal";S;8;0
13210011019901000000;1.3.2.1.00.1.1.01.99.01;201;0,00;1.160,23;1005;"Rendimentos FMDMA RV1005";A;8;0
13210011019902000000;1.3.2.1.00.1.1.01.99.02;201;80,22;80,22;1065;"Rendimentos Alienacao L2345/12 FHIS RV1065";A;8;0
13210011019903000000;1.3.2.1.00.1.1.01.99.03;201;0,00;1.593,59;1039;"Rendimentos Poupanca Pavim. Esq. Budel CR101314607/2013 RV1039";A;8;0
13210011019904000000;1.3.2.1.00.1.1.01.99.04;201;0,00;39,80;1024;"Rend. Poup. Revit. Praca Joao Saffi RV1024";A;8;0
13210011019905000000;1.3.2.1.00.1.1.01.99.05;201;0,00;3.884,68;1022;"Rend. Poup. Quadra Joao Saffi RV1022";A;8;0
13210011019906000000;1.3.2.1.00.1.1.01.99.06;201;0,00;161,03;1050;"Rendimentos IR Doacao FUNDICA RV1050";A;8;0
13210011019907000000;1.3.2.1.00.1.1.01.99.07;201;2.249,41;2.249,41;1010;"Rendimentos Leilao Outros RV1010";A;8;0
13210011019908000000;1.3.2.1.00.1.1.01.99.08;201;0,00;10,71;1022;"Rend. Aplic. Quadra Joao Saffi RV1022";A;8;0
13210011020000000000;1.3.2.1.00.1.1.02.00.00;201;133.355,87;103.965,68;0;"Remuneracao de Depositos de Recursos Nao Vinculados - Principal";S;7;0
13210011020100000000;1.3.2.1.00.1.1.02.01.00;201;0,00;425,77;0;"Remuneracao de Depositos de Recursos Nao Vinculados - Depositos de Poupanca - Principal";S;8;0
13210011020102000000;1.3.2.1.00.1.1.02.01.02;201;0,00;425,77;1;"Rendimentos Poupanca Contrapartida Pavim. Esq. Budel CR101314607/2013 RV0001";A;8;0
13210011029900000000;1.3.2.1.00.1.1.02.99.00;201;133.355,87;103.539,91;0;"Remuneracao de Outros Depositos  Bancarios de Recursos Nao Vinculados - Principal";S;8;0
13210011029901000000;1.3.2.1.00.1.1.02.99.01;201;62.243,46;56.073,40;1;"Rendimentos do Executivo - BB";A;8;0
13210011029902000000;1.3.2.1.00.1.1.02.99.02;201;62.243,46;40.539,00;1;"Rendimentos do Executivo - Banrisul";A;8;0
13210011029904000000;1.3.2.1.00.1.1.02.99.04;201;8.868,95;6.927,51;1;"Rendimentos do Legislativo - Banrisul";A;8;0
13210040000000000000;1.3.2.1.00.4.0.00.00.00;201;1.641.651,83;2.257.771,35;0;"Remuneracao dos Recursos do Regime Proprio de Previdencia Social - RPPS";S;6;0
13210041000000000000;1.3.2.1.00.4.1.00.00.00;201;1.641.651,83;2.257.771,35;0;"Remuneracao dos Recursos do Regime Proprio de Previdencia Social - RPPS - Principal";S;6;0
13210041010000000000;1.3.2.1.00.4.1.01.00.00;201;234.521,69;569.329,40;50;"FPSM BB PREVID RF IMA-B TIT PUBL FI";A;7;0
13210041020000000000;1.3.2.1.00.4.1.02.00.00;201;234.521,69;477.419,41;50;"FPSM BB RF IMAB 5+";A;7;0
13210041030000000000;1.3.2.1.00.4.1.03.00.00;201;234.521,69;217.838,79;50;"FPSM CEF NOVO BRASIL RF LP";A;7;0
13210041040000000000;1.3.2.1.00.4.1.04.00.00;201;234.521,69;299.116,55;50;"FPSM CEF FI BRASIL IRF-M 1 TIT PUB RF";A;7;0
13210041050000000000;1.3.2.1.00.4.1.05.00.00;201;234.521,69;0,00;50;"FPSM BB PREVIDENCIARIO RF TP VIII FI";A;7;0
13210041060000000000;1.3.2.1.00.4.1.06.00.00;201;234.521,69;384.218,51;50;"FPSM CEF CAIXA BRASIL 2024 III TP RF";A;7;0
13210041070000000000;1.3.2.1.00.4.1.07.00.00;201;234.521,69;309.848,69;50;"FPSM BB PREV RF IRF-M 1 TP";A;7;0
13600000000000000000;1.3.6.0.00.0.0.00.00.00;201;347.850,00;365.000,00;0;"Cessao de Direitos";S;3;0
13600100000000000000;1.3.6.0.01.0.0.00.00.00;201;347.850,00;365.000,00;0;"Cessao do Direito de Operacionalizacao de Pagamentos";S;5;0
13600110000000000000;1.3.6.0.01.1.0.00.00.00;201;347.850,00;365.000,00;0;"Cessao do Direito de Operacionalizacao de Pagamentos";S;6;0
13600111000000000000;1.3.6.0.01.1.1.00.00.00;201;347.850,00;365.000,00;1;"Cessao do Direito de Operacionalizacao de Pagamentos - Principal";A;6;0
16000000000000000000;1.6.0.0.00.0.0.00.00.00;201;120.518,35;169.405,50;0;"Receita de Servicos";S;2;0
16100000000000000000;1.6.1.0.00.0.0.00.00.00;201;72.421,50;163.282,50;0;"Servicos Administrativos e Comerciais Gerais";S;3;0
16100100000000000000;1.6.1.0.01.0.0.00.00.00;201;12.421,50;60.262,50;0;"Servicos Administrativos e Comerciais Gerais";S;5;0
16100110000000000000;1.6.1.0.01.1.0.00.00.00;201;12.421,50;60.262,50;0;"Servicos Administrativos e Comerciais Gerais";S;6;0
16100111000000000000;1.6.1.0.01.1.1.00.00.00;201;12.421,50;59.823,00;1;"Servicos Administrativos e Comerciais Gerais - Principal";A;6;0
16100112000000000000;1.6.1.0.01.1.2.00.00.00;201;0,00;2,32;1;"Servicos Administrativos e Comerciais Gerais - Multas e Juros";A;6;0
16100113000000000000;1.6.1.0.01.1.3.00.00.00;201;0,00;407,12;1;"Servicos Administrativos e Comerciais Gerais - Divida Ativa";A;6;0
16100114000000000000;1.6.1.0.01.1.4.00.00.00;201;0,00;30,06;1;"Servicos Administrativos e Comerciais Gerais - Divida Ativa - Multas e Juros";A;6;0
16100200000000000000;1.6.1.0.02.0.0.00.00.00;201;60.000,00;103.020,00;0;"Inscricao em Concursos e Processos Seletivos";S;5;0
16100210000000000000;1.6.1.0.02.1.0.00.00.00;201;60.000,00;103.020,00;0;"Inscricao em Concursos e Processos Seletivos";S;6;0
16100211000000000000;1.6.1.0.02.1.1.00.00.00;201;60.000,00;103.020,00;1;"Inscricao em Concursos e Processos Seletivos - Principal";A;6;0
16200000000000000000;1.6.2.0.00.0.0.00.00.00;201;0,00;1.296,00;0;"Servicos e Atividades Referentes a Navegacao e ao Transporte";S;3;0
16200200000000000000;1.6.2.0.02.0.0.00.00.00;201;0,00;1.296,00;0;"Servicos de Transporte";S;5;0
16200210000000000000;1.6.2.0.02.1.0.00.00.00;201;0,00;1.296,00;0;"Servicos de Transporte";S;6;0
16200211000000000000;1.6.2.0.02.1.1.00.00.00;201;0,00;1.296,00;1;"Servicos de Transporte - Principal";A;6;0
16400000000000000000;1.6.4.0.00.0.0.00.00.00;201;0,00;4.827,00;0;"Servicos e Atividades Financeiras";S;3;0
16400100000000000000;1.6.4.0.01.0.0.00.00.00;201;0,00;4.827,00;0;"Retorno de Operacoes, Juros e Encargos Financeiros";S;5;0
16400110000000000000;1.6.4.0.01.1.0.00.00.00;201;0,00;4.827,00;0;"Retorno de Operacoes, Juros e Encargos Financeiros";S;6;0
16400111000000000000;1.6.4.0.01.1.1.00.00.00;201;0,00;4.827,00;1;"Retorno de Operacoes, Juros e Encargos Financeiros - Principal";A;6;0
16900000000000000000;1.6.9.0.00.0.0.00.00.00;201;48.096,85;0,00;0;"Outros Servicos";S;3;0
16909900000000000000;1.6.9.0.99.0.0.00.00.00;201;48.096,85;0,00;0;"Outros Servicos";S;5;0
16909910000000000000;1.6.9.0.99.1.0.00.00.00;201;48.096,85;0,00;0;"Outros Servicos";S;6;0
16909911000000000000;1.6.9.0.99.1.1.00.00.00;201;48.096,85;0,00;1;"Outros Servicos - Principal";A;6;0
17000000000000000000;1.7.0.0.00.0.0.00.00.00;201;22.234.610,05;22.366.515,90;0;"Transferencias Correntes";S;2;0
17100000000000000000;1.7.1.0.00.0.0.00.00.00;201;10.393.629,92;10.001.490,31;0;"Transferencias da Uniao e de suas Entidades";S;3;0
17180000000000000000;1.7.1.8.00.0.0.00.00.00;201;10.393.629,92;10.001.490,31;0;"Transferencias da Uniao - Especifica E/M";S;4;0
17180100000000000000;1.7.1.8.01.0.0.00.00.00;201;8.484.913,25;8.063.854,06;0;"Participacao na Receita da Uniao";S;5;0
17180120000000000000;1.7.1.8.01.2.0.00.00.00;201;7.827.786,25;7.413.358,43;0;"Cota-Parte do Fundo de Participacao dos Municipios - Cota Mensal";S;6;0
17180121000000000000;1.7.1.8.01.2.1.00.00.00;201;7.827.786,25;7.413.358,43;0;"Cota-Parte do Fundo de Participacao dos Municipios - Cota Mensal - Principal";S;6;0
17180121010000000000;1.7.1.8.01.2.1.01.00.00;201;4.696.671,75;4.448.015,04;1;"Cota-Parte do FPM - Cota Mensal - Principal - PROPRIO";A;7;0
17180121020000000000;1.7.1.8.01.2.1.02.00.00;201;391.389,31;370.667,93;20;"Cota-Parte do FPM - Cota Mensal - Principal - MDE";A;7;0
17180121030000000000;1.7.1.8.01.2.1.03.00.00;201;1.174.167,94;1.112.003,78;40;"Cota-Parte do FPM - Cota Mensal - Principal - ASPS";A;7;0
17180121040000000000;1.7.1.8.01.2.1.04.00.00;201;1.565.557,25;1.482.671,68;31;"Cota-Parte do FPM - Cota Mensal - Principal - FUNDEB";A;7;0
17180130000000000000;1.7.1.8.01.3.0.00.00.00;201;330.256,00;329.256,07;0;"Cota-Parte do Fundo de Participacao do Municipios – 1% Cota entregue no mes de dezembro";S;6;0
17180131000000000000;1.7.1.8.01.3.1.00.00.00;201;330.256,00;329.256,07;0;"Cota-Parte do Fundo de Participacao do Municipios – 1% Cota entregue no mes de dezembro - Principal";S;6;0
17180131010000000000;1.7.1.8.01.3.1.01.00.00;201;198.153,60;197.553,64;1;"Cota-Parte do FPM – 1% Cota entregue no mes de dezembro - Principal - PROPRIO";A;7;0
17180131020000000000;1.7.1.8.01.3.1.02.00.00;201;82.564,00;82.314,02;20;"Cota-Parte do FPM – 1% Cota entregue no mes de dezembro - Principal -  MDE";A;7;0
17180131030000000000;1.7.1.8.01.3.1.03.00.00;201;49.538,40;49.388,41;40;"Cota-Parte do FPM – 1% Cota entregue no mes de dezembro - Principal - ASPS";A;7;0
17180140000000000000;1.7.1.8.01.4.0.00.00.00;201;326.871,00;321.239,56;0;"Cota-Parte do Fundo de Participacao dos Municipios - 1% Cota entregue no mes de julho";S;6;0
17180141000000000000;1.7.1.8.01.4.1.00.00.00;201;326.871,00;321.239,56;0;"Cota-Parte do Fundo de Participacao dos Municipios - 1% Cota entregue no mes de julho - Principal";S;6;0
17180141010000000000;1.7.1.8.01.4.1.01.00.00;201;196.122,60;192.743,74;1;"Cota-Parte do FPM - 1% Cota entregue no mes de julho - Principal - PROPRIO";A;7;0
17180141020000000000;1.7.1.8.01.4.1.02.00.00;201;81.717,75;80.309,89;20;"Cota-Parte do FPM - 1% Cota entregue no mes de julho - Principal -  MDE";A;7;0
17180141030000000000;1.7.1.8.01.4.1.03.00.00;201;49.030,65;48.185,93;40;"Cota-Parte do FPM - 1% Cota entregue no mes de julho - Principal - ASPS";A;7;0
17180200000000000000;1.7.1.8.02.0.0.00.00.00;201;82.654,30;123.309,59;0;"Transferencia da Compensacao Financeira pela Exploracao de Recursos Naturais";S;5;0
17180260000000000000;1.7.1.8.02.6.0.00.00.00;201;82.654,30;123.309,59;0;"Cota-Parte do Fundo Especial do Petroleo – FEP";S;6;0
17180261000000000000;1.7.1.8.02.6.1.00.00.00;201;82.654,30;123.309,59;1;"Cota-Parte do Fundo Especial do Petroleo – FEP - Principal";A;6;0
17180300000000000000;1.7.1.8.03.0.0.00.00.00;201;1.152.210,65;1.196.115,80;0;"Transferencia de Recursos do Sistema Unico de Saude – SUS – Repasses Fundo a Fundo";S;5;0
17180310000000000000;1.7.1.8.03.1.0.00.00.00;201;1.152.210,65;1.196.115,80;0;"Transferencia de Recursos do Sistema Unico de Saude – SUS – Repasses Fundo a Fundo";S;6;0
17180311000000000000;1.7.1.8.03.1.1.00.00.00;201;1.152.210,65;1.196.115,80;0;"Transferencia de Recursos do Sistema Unico de Saude – SUS – Repasses Fundo a Fundo - Principal";S;6;0
17180311010000000000;1.7.1.8.03.1.1.01.00.00;201;182.670,41;185.499,96;4510;"PAB FIXO";A;7;0
17180311020000000000;1.7.1.8.03.1.1.02.00.00;201;138.560,00;0,00;4520;"PSF FEDERAL";A;7;0
17180311030000000000;1.7.1.8.03.1.1.03.00.00;201;212.940,00;0,00;4520;"PACS FEDERAL";A;7;0
17180311040000000000;1.7.1.8.03.1.1.04.00.00;201;53.520,00;0,00;4520;"SAUDE BUCAL FEDERAL";A;7;0
17180311050000000000;1.7.1.8.03.1.1.05.00.00;201;12.000,00;0,00;4710;"PFVS PISO FIXO VIGILANCIA EM SAUDE FEDERAL";A;7;0
17180311060000000000;1.7.1.8.03.1.1.06.00.00;201;37.637,03;37.637,03;4503;"FARMACIA BASICA FEDERAL";A;7;0
17180311070000000000;1.7.1.8.03.1.1.07.00.00;201;52.800,00;0,00;4521;PMAQ;A;7;0
17180311080000000000;1.7.1.8.03.1.1.08.00.00;201;96.000,00;0,00;4520;NASF;A;7;0
17180311090000000000;1.7.1.8.03.1.1.09.00.00;201;3.000,00;0,00;4520;"PSE PROGRAMA DE SAUDE NA ESCOLA";A;7;0
17180311100000000000;1.7.1.8.03.1.1.10.00.00;201;27.000,00;573.478,25;4520;"PAB VARIAVEL";A;7;0
17180311110000000000;1.7.1.8.03.1.1.11.00.00;201;60.765,63;72.428,77;4502;"VIGILANCIA EM SAUDE FEDERAL RV4502";A;7;0
17180311120000000000;1.7.1.8.03.1.1.12.00.00;201;61.487,68;79.281,32;4520;"Apoio Financeiro - Portaria MS n. 748/2018";A;7;0
17180311130000000000;1.7.1.8.03.1.1.13.00.00;201;8.829,90;6.622,47;4501;"MAC FF 4501";A;7;0
17180311140000000000;1.7.1.8.03.1.1.14.00.00;201;0,00;0,00;4936;"AMBULANCIA PORT3673 RV4936";A;7;0
17180311150000000000;1.7.1.8.03.1.1.15.00.00;201;200.000,00;200.000,00;4520;"INCREMENTO TEMPORARIO PISO AB EMENDA PARLAMENTAR PORT1000/18";A;7;0
17180311160000000000;1.7.1.8.03.1.1.16.00.00;201;0,00;11.000,00;4504;"EDUCACAO E FORMACAO EM SAUDE - GESTAO DO SUS FF";A;7;0
17180311170000000000;1.7.1.8.03.1.1.17.00.00;201;0,00;168,00;4501;"APOIO A IMPLEMENTACAO DA REDE CEGONHA MAC FF";A;7;0
17180311180000000000;1.7.1.8.03.1.1.18.00.00;201;5.000,00;6.000,00;4502;"INCENTIVO FINANCEIRO PARA VISA RV4502";A;7;0
17180311200000000000;1.7.1.8.03.1.1.20.00.00;201;0,00;24.000,00;4503;"ORGANIZACAO FARMACIA BLOCO CUSTEIO RV 4503";A;7;0
17180400000000000000;1.7.1.8.04.0.0.00.00.00;201;120.064,19;104.129,30;0;"Transferencias de Recursos do Fundo Nacional de Assistencia Social – FNAS";S;5;0
17180410000000000000;1.7.1.8.04.1.0.00.00.00;201;120.064,19;104.129,30;0;"Transferencias de Recursos do Fundo Nacional de Assistencia Social – FNAS";S;6;0
17180411000000000000;1.7.1.8.04.1.1.00.00.00;201;120.064,19;104.129,30;0;"Transferencias de Recursos do Fundo Nacional de Assistencia Social – FNAS - Principal";S;6;0
17180411010000000000;1.7.1.8.04.1.1.01.00.00;201;17.696,01;16.898,09;1038;"IGD BF";A;7;0
17180411020000000000;1.7.1.8.04.1.1.02.00.00;201;4.588,60;7.434,80;1067;"IGD SUAS";A;7;0
17180411030000000000;1.7.1.8.04.1.1.03.00.00;201;49.779,58;31.796,41;1021;SCFV;A;7;0
17180411040000000000;1.7.1.8.04.1.1.04.00.00;201;48.000,00;48.000,00;1064;PAIF;A;7;0
17180500000000000000;1.7.1.8.05.0.0.00.00.00;201;388.022,07;395.066,13;0;"Transferencias de Recursos do Fundo Nacional do Desenvolvimento da Educacao – FNDE";S;5;0
17180510000000000000;1.7.1.8.05.1.0.00.00.00;201;230.470,58;234.733,74;0;"Transferencias do Salario-Educacao";S;6;0
17180511000000000000;1.7.1.8.05.1.1.00.00.00;201;230.470,58;234.733,74;1014;"Transferencias do Salario-Educacao - Principal";A;6;0
17180520000000000000;1.7.1.8.05.2.0.00.00.00;201;540,00;540,00;0;"Transferencias Diretas do FNDE referentes ao Programa Dinheiro Direto na Escola – PDDE";S;6;0
17180521000000000000;1.7.1.8.05.2.1.00.00.00;201;540,00;540,00;1036;"Transferencias Diretas do FNDE referentes ao Programa Dinheiro Direto na Escola – PDDE - Principal";A;6;0
17180530000000000000;1.7.1.8.05.3.0.00.00.00;201;61.688,00;63.436,00;0;"Transferencias Diretas do FNDE referentes ao Programa Nacional de Alimentacao Escolar – PNAE";S;6;0
17180531000000000000;1.7.1.8.05.3.1.00.00.00;201;61.688,00;63.436,00;0;"Transferencias Diretas do FNDE referentes ao Programa Nacional de Alimentacao Escolar – PNAE - Princ";S;6;0
17180531010000000000;1.7.1.8.05.3.1.01.00.00;201;24.408,00;25.200,00;1001;"PNAE FUNDAMENTAL";A;7;0
17180531020000000000;1.7.1.8.05.3.1.02.00.00;201;22.684,00;22.898,00;1031;"PNAE CRECHE";A;7;0
17180531030000000000;1.7.1.8.05.3.1.03.00.00;201;12.932,00;12.932,00;1033;"PNAE PRE-ESCOLA";A;7;0
17180531040000000000;1.7.1.8.05.3.1.04.00.00;201;1.664,00;1.664,00;1059;"PNAE EJA";A;7;0
17180531050000000000;1.7.1.8.05.3.1.05.00.00;201;0,00;742,00;1071;"PNAE EDUCACAO ESPECIAL";A;7;0
17180540000000000000;1.7.1.8.05.4.0.00.00.00;201;47.754,70;48.787,60;0;"Transferencias Diretas do FNDE referentes ao Programa Nacional de Apoio ao Transporte do Escolar – P";S;6;0
17180541000000000000;1.7.1.8.05.4.1.00.00.00;201;47.754,70;48.787,60;1016;"Transferencias Diretas do FNDE referentes ao Programa Nacional de Apoio ao Transporte do Escolar – P";A;6;0
17180590000000000000;1.7.1.8.05.9.0.00.00.00;201;47.568,79;47.568,79;0;"Outras Transferencias Diretas do Fundo Nacional do Desenvolvimento da Educacao – FNDE";S;6;0
17180591000000000000;1.7.1.8.05.9.1.00.00.00;201;47.568,79;47.568,79;0;"Outras Transferencias Diretas do Fundo Nacional do Desenvolvimento da Educacao – FNDE - Principal";S;6;0
17180591010000000000;1.7.1.8.05.9.1.01.00.00;201;47.568,79;47.568,79;1072;"Apoio Financeiro AFM - Resolucao FNDE 11/2018";A;7;0
17180600000000000000;1.7.1.8.06.0.0.00.00.00;201;46.211,38;45.260,43;0;"Transferencia Financeira do ICMS – Desoneracao – L.C. No 87/96";S;5;0
17180610000000000000;1.7.1.8.06.1.0.00.00.00;201;46.211,38;45.260,43;0;"Transferencia Financeira do ICMS – Desoneracao – L.C. No 87/96";S;6;0
17180611000000000000;1.7.1.8.06.1.1.00.00.00;201;46.211,38;45.260,43;0;"Transferencia Financeira do ICMS – Desoneracao – L.C. No 87/96 - Principal";S;6;0
17180611010000000000;1.7.1.8.06.1.1.01.00.00;201;27.726,82;27.156,28;1;"Transferencia Financeira do ICMS – Desoneracao – L.C. No 87/96 - Principal - PROPRIO";A;7;0
17180611020000000000;1.7.1.8.06.1.1.02.00.00;201;2.310,57;2.262,98;20;"Transferencia Financeira do ICMS – Desoneracao – L.C. No 87/96 - Principal - MDE";A;7;0
17180611030000000000;1.7.1.8.06.1.1.03.00.00;201;6.931,71;6.789,04;40;"Transferencia Financeira do ICMS – Desoneracao – L.C. No 87/96 - Principal - ASPS";A;7;0
17180611040000000000;1.7.1.8.06.1.1.04.00.00;201;9.242,28;9.052,13;31;"Transferencia Financeira do ICMS – Desoneracao – L.C. No 87/96 - Principal - FUNDEB";A;7;0
17181000000000000000;1.7.1.8.10.0.0.00.00.00;201;119.554,08;73.755,00;0;"Transferencias de Convenios da Uniao e de Suas Entidades";S;5;0
17181090000000000000;1.7.1.8.10.9.0.00.00.00;201;119.554,08;73.755,00;0;"Outras Transferencias de Convenios da Uniao";S;6;0
17181091000000000000;1.7.1.8.10.9.1.00.00.00;201;119.554,08;73.755,00;0;"Outras Transferencias de Convenios da Uniao - Principal";S;6;0
17181091010000000000;1.7.1.8.10.9.1.01.00.00;201;119.554,08;73.755,00;1022;"REFORMA E AMPLICACAO DA QUADRA DE ESPORTES NA PRACA JOAO SAFFI RV1022";A;7;0
17200000000000000000;1.7.2.0.00.0.0.00.00.00;201;9.130.241,75;9.516.797,68;0;"Transferencias dos Estados e do Distrito Federal e de suas Entidades";S;3;0
17280000000000000000;1.7.2.8.00.0.0.00.00.00;201;9.130.241,75;9.516.797,68;0;"Transferencias dos Estados - Especifica E/M";S;4;0
17280100000000000000;1.7.2.8.01.0.0.00.00.00;201;8.415.415,24;8.828.243,60;0;"Participacao na Receita dos Estados";S;5;0
17280110000000000000;1.7.2.8.01.1.0.00.00.00;201;7.670.912,64;8.131.358,01;0;"Cota-Parte do ICMS";S;6;0
17280111000000000000;1.7.2.8.01.1.1.00.00.00;201;7.670.912,64;8.131.358,01;0;"Cota-Parte do ICMS - Principal";S;6;0
17280111010000000000;1.7.2.8.01.1.1.01.00.00;201;4.602.547,58;4.878.814,70;1;"Cota-Parte do ICMS - Principal - PROPRIO";A;7;0
17280111020000000000;1.7.2.8.01.1.1.02.00.00;201;383.545,63;406.567,92;20;"Cota-Parte do ICMS - Principal - MDE";A;7;0
17280111030000000000;1.7.2.8.01.1.1.03.00.00;201;1.150.636,90;1.219.703,72;40;"Cota-Parte do ICMS - Principal- ASPS";A;7;0
17280111040000000000;1.7.2.8.01.1.1.04.00.00;201;1.534.182,53;1.626.271,67;31;"Cota-Parte do ICMS - Principal - FUNDEB";A;7;0
17280120000000000000;1.7.2.8.01.2.0.00.00.00;201;613.319,55;562.316,45;0;"Cota-Parte do IPVA";S;6;0
17280121000000000000;1.7.2.8.01.2.1.00.00.00;201;613.319,55;562.316,45;0;"Cota-Parte do IPVA - Principal";S;6;0
17280121010000000000;1.7.2.8.01.2.1.01.00.00;201;398.143,61;337.389,58;1;"Cota-Parte do IPVA - Principal - PROPRIO";A;7;0
17280121020000000000;1.7.2.8.01.2.1.02.00.00;201;30.596,99;28.115,89;20;"Cota-Parte do IPVA - Principal - MDE";A;7;0
17280121030000000000;1.7.2.8.01.2.1.03.00.00;201;92.590,98;84.347,48;40;"Cota-Parte do IPVA - Principal - ASPS";A;7;0
17280121040000000000;1.7.2.8.01.2.1.04.00.00;201;91.987,97;112.463,50;31;"Cota-Parte do IPVA - Principal - FUNDEB";A;7;0
17280130000000000000;1.7.2.8.01.3.0.00.00.00;201;113.234,83;118.765,33;0;"Cota-Parte do IPI - Municipios";S;6;0
17280131000000000000;1.7.2.8.01.3.1.00.00.00;201;113.234,83;118.765,33;0;"Cota-Parte do IPI - Municipios - Principal";S;6;0
17280131010000000000;1.7.2.8.01.3.1.01.00.00;201;68.580,90;71.259,16;1;"Cota-Parte do IPI - Municipios - Principal - PROPRIO";A;7;0
17280131020000000000;1.7.2.8.01.3.1.02.00.00;201;5.681,74;5.938,29;20;"Cota-Parte do IPI - Municipios - Principal - MDE";A;7;0
17280131030000000000;1.7.2.8.01.3.1.03.00.00;201;17.445,22;17.814,82;40;"Cota-Parte do IPI - Municipios - Principal - ASPS";A;7;0
17280131040000000000;1.7.2.8.01.3.1.04.00.00;201;21.526,97;23.753,06;31;"Cota-Parte do IPI - Municipios - Principal - FUNDEB";A;7;0
17280140000000000000;1.7.2.8.01.4.0.00.00.00;201;17.948,22;15.803,81;0;"Cota-Parte da Contribuicao de Intervencao no Dominio Economico";S;6;0
17280141000000000000;1.7.2.8.01.4.1.00.00.00;201;17.948,22;15.803,81;1018;"Cota-Parte da Contribuicao de Intervencao no Dominio Economico - Principal";A;6;0
17280300000000000000;1.7.2.8.03.0.0.00.00.00;201;384.074,41;381.893,04;0;"Transferencia de Recursos do Estado para Programas de Saude – Repasse Fundo a Fundo";S;5;0
17280310000000000000;1.7.2.8.03.1.0.00.00.00;201;384.074,41;381.893,04;0;"Transferencia de Recursos do Estado para Programas de Saude – Repasse Fundo a Fundo";S;6;0
17280311000000000000;1.7.2.8.03.1.1.00.00.00;201;384.074,41;381.893,04;0;"Transferencia de Recursos do Estado para Programas de Saude – Repasse Fundo a Fundo - Principal";S;6;0
17280311010000000000;1.7.2.8.03.1.1.01.00.00;201;105.203,98;105.563,98;4011;PIES;A;7;0
17280311020000000000;1.7.2.8.03.1.1.02.00.00;201;154.931,15;155.000,00;4090;"PSF ESTADUAL";A;7;0
17280311030000000000;1.7.2.8.03.1.1.03.00.00;201;14.196,00;14.931,15;4090;"PACS ESTADUAL";A;7;0
17280311040000000000;1.7.2.8.03.1.1.04.00.00;201;49.685,58;13.866,51;4050;"FARMACIA BASICA ESTADUAL";A;7;0
17280311050000000000;1.7.2.8.03.1.1.05.00.00;201;24.000,00;24.000,00;4160;PIM;A;7;0
17280311060000000000;1.7.2.8.03.1.1.06.00.00;201;35.907,70;68.381,40;4050;"FRALDAS FE";A;7;0
17280311070000000000;1.7.2.8.03.1.1.07.00.00;201;150,00;150,00;4011;"INCENTIVO P/ CONTROLE DA TUBERCULOSE (PMCT) NA ATENCAO BASICA 4011 FE RES CIBS 507/11";A;7;0
17281000000000000000;1.7.2.8.10.0.0.00.00.00;201;330.091,58;306.551,37;0;"Transferencia de Convenios dos Estados e do Distrito Federal e de Suas Entidades";S;5;0
17281020000000000000;1.7.2.8.10.2.0.00.00.00;201;322.559,28;299.019,07;0;"Transferencias de Convenio dos Estados Destinadas a Programas de Educacao";S;6;0
17281021000000000000;1.7.2.8.10.2.1.00.00.00;201;322.559,28;299.019,07;0;"Transferencias de Convenio dos Estados Destinadas a Programas de Educacao - Principal";S;6;0
17281021010000000000;1.7.2.8.10.2.1.01.00.00;201;322.559,28;299.019,07;0;"Transferencias de Convenios para o Transporte Escolar - Principal";S;7;0
17281021010100000000;1.7.2.8.10.2.1.01.01.00;201;322.559,28;299.019,07;1017;"PEATE RS";A;8;0
17281090000000000000;1.7.2.8.10.9.0.00.00.00;201;7.532,30;7.532,30;0;"Outras Transferencias de Convenio dos Estados";S;6;0
17281091000000000000;1.7.2.8.10.9.1.00.00.00;201;7.532,30;7.532,30;0;"Outras Transferencias de Convenio dos Estados - Principal";S;6;0
17281091070000000000;1.7.2.8.10.9.1.07.00.00;201;7.532,30;7.532,30;1103;"Programa OASF - Orientacao e Apoio Socio-familiar - Principal";A;7;0
17289900000000000000;1.7.2.8.99.0.0.00.00.00;201;660,52;109,67;0;"Outras Transferencias dos Estados";S;5;0
17289910000000000000;1.7.2.8.99.1.0.00.00.00;201;660,52;109,67;0;"Outras Transferencias dos Estados";S;6;0
17289911000000000000;1.7.2.8.99.1.1.00.00.00;201;660,52;109,67;0;"Outras Transferencias dos Estados - Principal";S;6;0
17289911010000000000;1.7.2.8.99.1.1.01.00.00;201;660,52;109,67;1114;"Cota-Parte das Multas de Transito - Principal";A;7;0
17400000000000000000;1.7.4.0.00.0.0.00.00.00;201;0,00;6.720,46;0;"Transferencias de Instituicoes Privadas";S;3;0
17400010000000000000;1.7.4.0.00.1.0.00.00.00;201;0,00;6.720,46;0;"Transferencias de Instituicoes Privadas";S;6;0
17400011000000000000;1.7.4.0.00.1.1.00.00.00;201;0,00;6.720,46;0;"Transferencias de Instituicoes Privadas - Principal";S;6;0
17400011010000000000;1.7.4.0.00.1.1.01.00.00;201;0,00;6.720,46;1050;"Doacoes em Beneficio de Criancas e Adolescentes - PJ - Principal";A;7;0
17500000000000000000;1.7.5.0.00.0.0.00.00.00;201;2.710.738,38;2.841.507,45;0;"Transferencias de Outras Instituicoes Publicas";S;3;0
17580000000000000000;1.7.5.8.00.0.0.00.00.00;201;2.710.738,38;2.841.507,45;0;"Transferencias de Outras Instituicoes Publicas - Especifica E/M";S;4;0
17580100000000000000;1.7.5.8.01.0.0.00.00.00;201;2.710.738,38;2.840.000,90;0;"Transferencias de Recursos do Fundo de Manutencao e Desenvolvimento da Educacao Basica e de Valoriza";S;5;0
17580110000000000000;1.7.5.8.01.1.0.00.00.00;201;2.710.738,38;2.840.000,90;0;"Transferencias de Recursos do Fundo de Manutencao e Desenvolvimento da Educacao Basica e de Valoriza";S;6;0
17580111000000000000;1.7.5.8.01.1.1.00.00.00;201;2.710.738,38;2.840.000,90;31;"Transferencias de Recursos do FUNDEB";A;6;0
17589900000000000000;1.7.5.8.99.0.0.00.00.00;201;0,00;1.506,55;0;"Outras Transferencias Multigovernamentais";S;5;0
17589910000000000000;1.7.5.8.99.1.0.00.00.00;201;0,00;1.506,55;0;"Outras Transferencias Multigovernamentais";S;6;0
17589911000000000000;1.7.5.8.99.1.1.00.00.00;201;0,00;1.506,55;0;"Outras Transferencias Multigovernamentais - Principal";S;6;0
17589911010000000000;1.7.5.8.99.1.1.01.00.00;201;0,00;1.506,55;1;"IRRF PELO COFRON RATEADO AOS MUNICIPIOS PARTICIPES";A;7;0
19000000000000000000;1.9.0.0.00.0.0.00.00.00;201;66.813,89;187.099,73;0;"Outras Receitas Correntes";S;2;0
19100000000000000000;1.9.1.0.00.0.0.00.00.00;201;0,00;366,97;0;"Multas Administrativas, Contratuais e Judiciais";S;3;0
19100100000000000000;1.9.1.0.01.0.0.00.00.00;201;0,00;305,37;0;"Multas Previstas em Legislacao Especifica";S;5;0
19100110000000000000;1.9.1.0.01.1.0.00.00.00;201;0,00;305,37;0;"Multas Previstas em Legislacao Especifica";S;6;0
19100114000000000000;1.9.1.0.01.1.4.00.00.00;201;0,00;305,37;1;"Multas Previstas em Legislacao Especifica - Divida Ativa - Multas e Juros";A;6;0
19100900000000000000;1.9.1.0.09.0.0.00.00.00;201;0,00;61,60;0;"Multas e Juros Previstos em Contratos";S;5;0
19100910000000000000;1.9.1.0.09.1.0.00.00.00;201;0,00;61,60;0;"Multas e Juros Previstos em Contratos";S;6;0
19100911000000000000;1.9.1.0.09.1.1.00.00.00;201;0,00;61,60;1;"Multas e Juros Previstos em Contratos - Principal";A;6;0
19200000000000000000;1.9.2.0.00.0.0.00.00.00;201;6.445,52;130.386,78;0;"Indenizacoes, Restituicoes e Ressarcimentos";S;3;0
19210000000000000000;1.9.2.1.00.0.0.00.00.00;201;0,00;1.631,36;0;Indenizacoes;S;4;0
19219900000000000000;1.9.2.1.99.0.0.00.00.00;201;0,00;1.631,36;0;"Outras Indenizacoes";S;5;0
19219910000000000000;1.9.2.1.99.1.0.00.00.00;201;0,00;1.631,36;0;"Outras Indenizacoes";S;6;0
19219911000000000000;1.9.2.1.99.1.1.00.00.00;201;0,00;1.631,36;1;"Outras Indenizacoes - Principal";A;6;0
19220000000000000000;1.9.2.2.00.0.0.00.00.00;201;6.445,52;128.755,42;0;Restituicoes;S;4;0
19220600000000000000;1.9.2.2.06.0.0.00.00.00;201;0,00;4.463,01;0;"Restituicao de Despesas de Exercicios Anteriores";S;5;0
19220610000000000000;1.9.2.2.06.1.0.00.00.00;201;0,00;4.463,01;0;"Restituicao de Despesas de Exercicios Anteriores";S;6;0
19220611000000000000;1.9.2.2.06.1.1.00.00.00;201;0,00;4.463,01;1;"Restituicao de Despesas de Exercicios Anteriores - Principal";A;6;0
19229900000000000000;1.9.2.2.99.0.0.00.00.00;201;6.445,52;124.292,41;0;"Outras Restituicoes";S;5;0
19229910000000000000;1.9.2.2.99.1.0.00.00.00;201;6.445,52;124.292,41;0;"Outras Restituicoes";S;6;0
19229911000000000000;1.9.2.2.99.1.1.00.00.00;201;0,00;122.857,63;0;"Outras Restituicoes - Principal";S;6;0
19229911020000000000;1.9.2.2.99.1.1.02.00.00;201;0,00;43.157,60;1;"Programa Troca-troca - Principal";A;7;0
19229911040000000000;1.9.2.2.99.1.1.04.00.00;201;0,00;47.063,23;1;"Restituicao Pelo Pagamento Indevido - Principal";A;7;0
19229911060000000000;1.9.2.2.99.1.1.06.00.00;201;0,00;32.636,80;1;"Restituicoes do Plano de Assistencia Medica dos Servidores - Principal";A;7;0
19229913000000000000;1.9.2.2.99.1.3.00.00.00;201;3.530,56;439,44;0;"Outras Restituicoes - Divida Ativa";S;6;0
19229913020000000000;1.9.2.2.99.1.3.02.00.00;201;3.530,56;439,44;1;"Programa Troca-troca - Divida Ativa";A;7;0
19229914000000000000;1.9.2.2.99.1.4.00.00.00;201;2.914,96;995,34;0;"Outras Restituicoes - Divida Ativa - Multas e Juros";S;6;0
19229914020000000000;1.9.2.2.99.1.4.02.00.00;201;2.914,96;995,34;1;"Programa Troca-troca - Divida Ativa - Multas e Juros";A;7;0
19900000000000000000;1.9.9.0.00.0.0.00.00.00;201;60.368,37;56.345,98;0;"Demais Receitas Correntes";S;3;0
19909900000000000000;1.9.9.0.99.0.0.00.00.00;201;60.368,37;56.345,98;0;"Outras Receitas";S;5;0
19909910000000000000;1.9.9.0.99.1.0.00.00.00;201;0,00;6.783,26;0;"Outras Receitas - Primarias";S;6;0
19909913000000000000;1.9.9.0.99.1.3.00.00.00;201;0,00;6.535,35;0;"Outras Receitas - Primarias - Divida Ativa";S;6;0
19909913050000000000;1.9.9.0.99.1.3.05.00.00;201;0,00;6.535,35;1;"Receita de alienacao de sucatas - Divida Ativa";A;7;0
19909914000000000000;1.9.9.0.99.1.4.00.00.00;201;0,00;247,91;0;"Outras Receitas - Primarias - Divida Ativa - Multas e Juros";S;6;0
19909914050000000000;1.9.9.0.99.1.4.05.00.00;201;0,00;247,91;1;"Receita de alienacao de sucatas - Divida Ativa - Multa e Juros";A;7;0
19909920000000000000;1.9.9.0.99.2.0.00.00.00;201;60.368,37;49.562,72;0;"Outras Receitas - Financeiras";S;6;0
19909921000000000000;1.9.9.0.99.2.1.00.00.00;201;60.368,37;49.151,58;0;"Outras Receitas - Financeiras - Principal";S;6;0
19909921010000000000;1.9.9.0.99.2.1.01.00.00;201;34.323,00;0,00;1;"CONTRAPARTIDA DO SERVIDOR NO AUXILIO-ALIMENTACAO";A;7;0
19909921020000000000;1.9.9.0.99.2.1.02.00.00;201;26.045,37;49.151,58;1;"DESCONTOS OBTIDOS";A;7;0
19909922000000000000;1.9.9.0.99.2.2.00.00.00;201;0,00;411,14;1;"Outras Receitas - Financeiras - Multas e Juros";A;6;0
20000000000000000000;2.0.0.0.00.0.0.00.00.00;201;1.461.841,88;478.819,10;0;"Receitas de Capital";S;1;0
24000000000000000000;2.4.0.0.00.0.0.00.00.00;201;1.461.841,88;475.767,64;0;"Transferencias de Capital";S;2;0
24100000000000000000;2.4.1.0.00.0.0.00.00.00;201;1.461.841,88;475.767,64;0;"Transferencias da Uniao e de suas Entidades";S;3;0
24180000000000000000;2.4.1.8.00.0.0.00.00.00;201;1.461.841,88;475.767,64;0;"Transferencias da Uniao";S;4;0
24180300000000000000;2.4.1.8.03.0.0.00.00.00;201;180.000,00;109.092,64;0;"Transferencias de Recursos do Sistema Unico de Saude – SUS";S;5;0
24180310000000000000;2.4.1.8.03.1.0.00.00.00;201;180.000,00;109.092,64;0;"Transferencias de Recursos do Sistema Unico de Saude – SUS";S;6;0
24180311000000000000;2.4.1.8.03.1.1.00.00.00;201;180.000,00;109.092,64;0;"Transferencias de Recursos do Sistema Unico de Saude – SUS - Principal";S;6;0
24180311010000000000;2.4.1.8.03.1.1.01.00.00;201;5.000,00;0,00;4931;"MATERIAL PERMANENTE PARA ESF PROP.117010/FNS";A;7;0
24180311020000000000;2.4.1.8.03.1.1.02.00.00;201;50.000,00;0,00;4931;"MATERIAL PERMANENTE PARA ESF PROP.117009/FNS";A;7;0
24180311030000000000;2.4.1.8.03.1.1.03.00.00;201;45.000,00;0,00;4931;"VEICULO PARA ESF PROP.117008/FNS";A;7;0
24180311040000000000;2.4.1.8.03.1.1.04.00.00;201;80.000,00;80.000,00;4936;"AMBULANCIA PORT3673 RV4936";A;7;0
24180311050000000000;2.4.1.8.03.1.1.05.00.00;201;0,00;29.092,64;4505;"ORGANIZACAO FARMACIA BLOCO INVESTIMENTO RV 4505";A;7;0
24181000000000000000;2.4.1.8.10.0.0.00.00.00;201;1.281.841,88;366.675,00;0;"Transferencia de Convenios da Uniao e de suas Entidades";S;5;0
24181070000000000000;2.4.1.8.10.7.0.00.00.00;201;491.700,00;122.925,00;0;"Transferencias de Convenios da Uniao destinadas a Programas de Infra-Estrutura em Transporte";S;6;0
24181071000000000000;2.4.1.8.10.7.1.00.00.00;201;491.700,00;122.925,00;0;"Transferencias de Convenios da Uniao destinadas a Programas de Infra-Estrutura em Transporte - Princ";S;6;0
24181071010000000000;2.4.1.8.10.7.1.01.00.00;201;245.850,00;0,00;1203;"PAVIMENTACAO URBANA SICONV PROP.017126/17 CONV847175/17";A;7;0
24181071020000000000;2.4.1.8.10.7.1.02.00.00;201;245.850,00;0,00;1201;"PAVIMENTACAO DE VIAS URBANAS SICONV 034101/16";A;7;0
24181071030000000000;2.4.1.8.10.7.1.03.00.00;201;0,00;122.925,00;1200;"PAVIMENTACAO URBANA SICONV CONV829118/2016 PROP6878/2016 RV1200";A;7;0
24181090000000000000;2.4.1.8.10.9.0.00.00.00;201;790.141,88;243.750,00;0;"Outras Transferencias de Convenios da Uniao";S;6;0
24181091000000000000;2.4.1.8.10.9.1.00.00.00;201;790.141,88;243.750,00;0;"Outras Transferencias de Convenios da Uniao - Principal";S;6;0
24181091010000000000;2.4.1.8.10.9.1.01.00.00;201;243.750,00;243.750,00;1204;"PATRULHA AGRICOLA CONV852132/2017 SICONV903732017 CR1044846-23MAPA RV1204";A;7;0
24181091020000000000;2.4.1.8.10.9.1.02.00.00;201;243.750,00;0,00;1205;"PA CARREGADEIRA SICONV043911/2018 RV1205";A;7;0
24181091030000000000;2.4.1.8.10.9.1.03.00.00;201;185.225,05;0,00;1206;"PATRULHA AGRICOLA PROP045635/2018SICONV RV1206";A;7;0
24181091040000000000;2.4.1.8.10.9.1.04.00.00;201;117.416,83;0,00;1207;"PATRULHA AGRICOLA PROP054169/2018SICONV RV1207";A;7;0
29000000000000000000;2.9.0.0.00.0.0.00.00.00;201;0,00;3.051,46;0;"Outras Receitas de Capital";S;2;0
29900000000000000000;2.9.9.0.00.0.0.00.00.00;201;0,00;3.051,46;0;"Demais Receitas de Capital";S;3;0
29900010000000000000;2.9.9.0.00.1.0.00.00.00;201;0,00;3.051,46;0;"Demais Receitas de Capital";S;6;0
29900011000000000000;2.9.9.0.00.1.1.00.00.00;201;0,00;3.051,46;0;"Demais Receitas de Capital - Principal";S;6;0
29900011020000000000;2.9.9.0.00.1.1.02.00.00;201;0,00;3.051,46;0;"Remuneracao de Depositos Bancarios - Principal";S;7;0
29900011020200000000;2.9.9.0.00.1.1.02.02.00;201;0,00;184,81;1204;"REND. PATRULHA AGRICOLA CONV852132/2017 SICONV903732017 CR1044846-23MAPA RV1204";A;8;0
29900011020300000000;2.9.9.0.00.1.1.02.03.00;201;0,00;1.334,41;1204;"POUP PATRULHA AGRICOLA CONV852132/2017 SICONV903732017 CR1044846-23MAPA RV1204";A;8;0
29900011020400000000;2.9.9.0.00.1.1.02.04.00;201;0,00;280,76;1200;"REND. PAVIMENTACAO URBANA SICONV CONV829118/2016 PROP6878/2016 RV1200";A;8;0
29900011020500000000;2.9.9.0.00.1.1.02.05.00;201;0,00;1.215,69;1200;"POUP PAVIMENTACAO URBANA SICONV CONV829118/2016 PROP6878/2016 RV1200";A;8;0
29900011020600000000;2.9.9.0.00.1.1.02.06.00;201;0,00;35,79;4505;"REND. ORGANIZACAO FARMACIA BLOCO INVESTIMENTO RV 4505";A;8;0
70000000000000000000;7.0.0.0.00.0.0.00.00.00;201;1.734.541,34;2.311.724,14;0;"Receitas Correntes Intraorcamentarias";S;1;0
72000000000000000000;7.2.0.0.00.0.0.00.00.00;201;1.734.541,34;2.311.724,14;0;Contribuicoes;S;2;0
72100000000000000000;7.2.1.0.00.0.0.00.00.00;201;1.734.541,34;2.311.724,14;0;"Contribuicoes Sociais";S;3;0
72100400000000000000;7.2.1.0.04.0.0.00.00.00;201;833.940,00;1.115.359,83;0;"Contribuicao para o Regime Proprio de Previdencia Social - RPPS";S;5;0
72100410000000000000;7.2.1.0.04.1.0.00.00.00;201;833.940,00;1.115.359,83;0;"Contribuicao Patronal de Servidor Ativo Civil para o RPPS";S;6;0
72100411000000000000;7.2.1.0.04.1.1.00.00.00;201;833.940,00;1.114.973,45;0;"Contribuicao Patronal de Servidor Ativo Civil para o RPPS - Principal";S;6;0
72100411010000000000;7.2.1.0.04.1.1.01.00.00;201;833.940,00;985.326,45;50;"NORMAL- CONTRIBUICAO PATRONAL DE SERVIDOR ATIVO CIVIL";A;7;0
72100411020000000000;7.2.1.0.04.1.1.02.00.00;201;0,00;129.647,00;50;"CONTRIBUICAO AO RPPS PARCELADA";A;7;0
72100412000000000000;7.2.1.0.04.1.2.00.00.00;201;0,00;386,38;50;"Contribuicao Patronal de Servidor Ativo Civil para o RPPS - Multas e Juros";A;6;0
72180000000000000000;7.2.1.8.00.0.0.00.00.00;201;900.601,34;1.196.364,31;0;"Contribuicoes Sociais especificas de Estados, DF, Municipios";S;4;0
72180100000000000000;7.2.1.8.01.0.0.00.00.00;201;900.601,34;1.196.364,31;0;"Contribuicoes para o Regime Proprio de Previdencia Social - RPPS de Estados/DF/Municipios";S;5;0
72180110000000000000;7.2.1.8.01.1.0.00.00.00;201;900.601,34;1.196.364,31;0;"Contribuicao Previdenciaria para Amortizacao do Deficit Atuarial";S;6;0
72180111000000000000;7.2.1.8.01.1.1.00.00.00;201;900.601,34;1.196.364,31;50;"SUPLEMENTAR- AMORTIZACAO DO PASSIVO ATUARIAL - ALIQUOTA SUPLEMENTAR";A;6;0
80000000000000000000;8.0.0.0.00.0.0.00.00.00;201;130.000,00;0,00;0;"Receitas de Capital Intraorcamentarias";S;1;0
83000000000000000000;8.3.0.0.00.0.0.00.00.00;201;130.000,00;0,00;0;"Amortizacao de Emprestimos";S;2;0
83000600000000000000;8.3.0.0.06.0.0.00.00.00;201;130.000,00;0,00;0;"Amortizacao de Emprestimos Contratuais";S;5;0
83000610000000000000;8.3.0.0.06.1.0.00.00.00;201;130.000,00;0,00;0;"Amortizacao de Emprestimos Contratuais";S;6;0
83000611000000000000;8.3.0.0.06.1.1.00.00.00;201;130.000,00;0,00;50;"AMORTIZACAO DA DIVIDA DO EXECUTIVO PARCELADA";A;6;0
90000000000000000000;9.0.0.0.0.00.0.0.00.00.00;201;-3.276.818,17;-3.888.651,84;0;"(R) Deducoes da Receita";S;1;0
91000000000000000000;9.1.0.0.0.00.0.0.00.00.00;201;-3.276.818,17;-3.855.282,62;0;"(R) Deducao das Receitas Correntes";S;2;0
91100000000000000000;9.1.1.0.0.00.0.0.00.00.00;201;-34.321,17;-81.400,17;0;"(R) Deducoes da Receita de Impostos, Taxas e Contribuicoes de Melhoria";S;3;0
91110000000000000000;9.1.1.1.0.00.0.0.00.00.00;201;-34.321,17;-81.400,17;0;"(R) Deducoes da Receita de Impostos";S;4;0
91112000000000000000;9.1.1.1.2.00.0.0.00.00.00;201;0,00;-16.395,58;0;"(R)Impostos sobre o Patrimonio";S;5;0
91112010000000000000;9.1.1.1.2.01.0.0.00.00.00;201;0,00;-16.395,58;0;"Imposto sobre a Propriedade Territorial Rural";S;6;0
91112011000000000000;9.1.1.1.2.01.1.0.00.00.00;201;0,00;-16.395,58;0;"Imposto sobre a Propriedade Territorial Rural - Municipios Conveniados";S;6;0
91112011100000000000;9.1.1.1.2.01.1.1.00.00.00;201;0,00;-16.395,58;0;"Imposto sobre a Propriedade Territorial Rural - Municipios Conveniados - Principal";S;7;0
91112011104000000000;9.1.1.1.2.01.1.1.04.00.00;201;0,00;-16.395,58;31;"(R) Deducao da Receita para Formacao do FUNDEB - ITR";A;8;105
91118000000000000000;9.1.1.1.8.00.0.0.00.00.00;201;-34.321,17;-65.004,59;0;"(R) Deducoes da Receita de Impostos Especificos de Estados/DF Municipios";S;5;0
91118010000000000000;9.1.1.1.8.01.0.0.00.00.00;201;-34.321,17;-65.004,59;0;"(R) Deducao das Receitas de Impostos sobre o Patrimonio para Estados/DF Municipios";S;6;0
91118011000000000000;9.1.1.1.8.01.1.0.00.00.00;201;-34.321,17;-62.004,59;0;"(R) Deducao da REceita de Imposto sobre a Propriedade Predial e Territorial Urbana";S;6;0
91118011100000000000;9.1.1.1.8.01.1.1.00.00.00;201;-34.321,17;-62.004,59;0;"(R) Imposto sobre a Propriedade Predial e Territorial Urbana";S;7;0
91118011101000000000;9.1.1.1.8.01.1.1.01.00.00;201;-20.592,70;-37.201,28;1;"(R) IPTU - PROPRIO";A;8;103
91118011102000000000;9.1.1.1.8.01.1.1.02.00.00;201;-8.580,29;-15.502,30;20;"(R) IPTU - MDE";A;8;103
91118011103000000000;9.1.1.1.8.01.1.1.03.00.00;201;-5.148,18;-9.301,01;40;"(R) IPTU - ASPS";A;8;103
91118014000000000000;9.1.1.1.8.01.4.0.00.00.00;201;0,00;-3.000,00;0;"(R)Imposto sobre Transmissao “Inter Vivos” de Bens Imoveis e de Direitos Reais sobre Imoveis";S;6;0
91118014100000000000;9.1.1.1.8.01.4.1.00.00.00;201;0,00;-3.000,00;0;"(R)Imposto sobre Transmissao “Inter Vivos” de Bens Imoveis e de Direitos Reais sobre Imoveis - Prin";S;7;0
91118014101000000000;9.1.1.1.8.01.4.1.01.00.00;201;0,00;-1.800,00;1;"(R)ITBI - Principal - PROPRIO";A;8;102
91118014102000000000;9.1.1.1.8.01.4.1.02.00.00;201;0,00;-750,00;20;"(R)ITBI - Principal - MDE";A;8;102
91118014103000000000;9.1.1.1.8.01.4.1.03.00.00;201;0,00;-450,00;40;"(R)ITBI - Principal - ASPS";A;8;102
91300000000000000000;9.1.3.0.0.00.0.0.00.00.00;201;0,00;-514.598,81;0;"(R)Receita Patrimonial";S;3;0
91320000000000000000;9.1.3.2.0.00.0.0.00.00.00;201;0,00;-514.598,81;0;"(R)Valores Mobiliarios";S;4;0
91321000000000000000;9.1.3.2.1.00.0.0.00.00.00;201;0,00;-514.598,81;0;"(R)Juros e Correcoes Monetarias";S;5;0
91321001000000000000;9.1.3.2.1.00.1.0.00.00.00;201;0,00;-1.836,62;0;"(R)Remuneracao de Depositos Bancarios";S;6;0
91321001100000000000;9.1.3.2.1.00.1.1.00.00.00;201;0,00;-1.836,62;0;"(R)Remuneracao de Depositos Bancarios - Principal";S;7;0
91321001101000000000;9.1.3.2.1.00.1.1.01.00.00;201;0,00;-1.836,62;0;"(R)Remuneracao de Depositos de Recursos Vinculados - Principal";S;8;0
91321001101080000000;9.1.3.2.1.00.1.1.01.08.00;201;0,00;-41,56;0;"(R)Remuneracao de Depositos  Bancarios de Recursos Vinculados - Fundo Nacional de Desenvolvimento d";S;8;0
91321001101080400000;9.1.3.2.1.00.1.1.01.08.04;201;0,00;-41,56;1017;"(R)Rendimentos PEATERS RV1017";A;8;109
91321001101090000000;9.1.3.2.1.00.1.1.01.09.00;201;0,00;-161,67;0;"(R)Remuneracao de Depositos  Bancarios de Recursos Vinculados - Fundo de Assistencia Social do Serv";S;8;0
91321001101090800000;9.1.3.2.1.00.1.1.01.09.08;201;0,00;-161,67;1202;"(R)Rend Poup Trator Agricola SICONV 034964/2016 RV1202";A;8;109
91321001101990000000;9.1.3.2.1.00.1.1.01.99.00;201;0,00;-1.633,39;0;"(R)Remuneracao de Outros Depositos  Bancarios de Recursos Vinculados - Principal";S;8;0
91321001101990300000;9.1.3.2.1.00.1.1.01.99.03;201;0,00;-1.593,59;1039;"(R)Rendimentos Poupanca Pavim. Esq. Budel CR101314607/2013 RV1039";A;8;108
91321001101990400000;9.1.3.2.1.00.1.1.01.99.04;201;0,00;-39,80;1024;"(R)Rend. Poup. Revit. Praca Joao Saffi RV1024";A;8;109
91321004000000000000;9.1.3.2.1.00.4.0.00.00.00;201;0,00;-512.762,19;0;"(R)Remuneracao dos Recursos do Regime Proprio de Previdencia Social - RPPS";S;6;0
91321004100000000000;9.1.3.2.1.00.4.1.00.00.00;201;0,00;-512.762,19;0;"(R)Remuneracao dos Recursos do Regime Proprio de Previdencia Social - RPPS - Principal";S;7;0
91321004101000000000;9.1.3.2.1.00.4.1.01.00.00;201;0,00;-147.746,91;50;"(R)FPSM BB PREVID RF IMA-B TIT PUBL FI";A;8;109
91321004102000000000;9.1.3.2.1.00.4.1.02.00.00;201;0,00;-168.040,08;50;"(R)FPSM BB RF IMAB 5+";A;8;109
91321004103000000000;9.1.3.2.1.00.4.1.03.00.00;201;0,00;-54.473,24;50;"(R)FPSM CEF NOVO BRASIL RF LP";A;8;109
91321004106000000000;9.1.3.2.1.00.4.1.06.00.00;201;0,00;-142.501,96;50;"(R)FPSM CEF CAIXA BRASIL 2024 III TP RF";A;8;109
91600000000000000000;9.1.6.0.0.00.0.0.00.00.00;201;0,00;-72,00;0;"(R)Receita de Servicos";S;3;0
91690000000000000000;9.1.6.9.0.00.0.0.00.00.00;201;0,00;-72,00;0;"(R)Outros Servicos";S;4;0
91690990000000000000;9.1.6.9.0.99.0.0.00.00.00;201;0,00;-72,00;0;"(R)Outros Servicos";S;6;0
91690991000000000000;9.1.6.9.0.99.1.0.00.00.00;201;0,00;-72,00;0;"(R)Outros Servicos";S;6;0
91690991100000000000;9.1.6.9.0.99.1.1.00.00.00;201;0,00;-72,00;1;"(R)Outros Servicos - Principal";A;7;109
91700000000000000000;9.1.7.0.0.00.0.0.00.00.00;201;-3.242.497,00;-3.259.211,64;0;"(R) Deducoes da Receias de Transferencias Correntes";S;3;0
91710000000000000000;9.1.7.1.0.00.0.0.00.00.00;201;-1.594.799,53;-1.491.723,41;0;"(R) Deducoes das Receitas de Transferencias da Uniao e de suas Entidades";S;4;0
91718000000000000000;9.1.7.1.8.00.0.0.00.00.00;201;-1.594.799,53;-1.491.723,41;0;"(R) Deducoes das Receias de Transferencias da Uniao - Especifica E/M";S;5;0
91718010000000000000;9.1.7.1.8.01.0.0.00.00.00;201;-1.585.557,25;-1.482.671,39;0;"(R) Deducoes das receitas de Participacao na Receita da Uniao";S;6;0
91718012000000000000;9.1.7.1.8.01.2.0.00.00.00;201;-1.565.557,25;-1.482.671,39;0;"(R) Deducao da Cota-Parte do FPM - Mensal";S;6;0
91718012100000000000;9.1.7.1.8.01.2.1.00.00.00;201;-1.565.557,25;-1.482.671,39;0;"(R) Deducoes da Receita do Fundo de Participacao dos Municipios - FPM";S;7;0
91718012104000000000;9.1.7.1.8.01.2.1.04.00.00;201;-1.565.557,25;0,00;31;"(R) Deducao da Receita para Formacao do FUNDEB - FPM";A;8;103
91718012104000000000;9.1.7.1.8.01.2.1.04.00.00;201;0,00;-1.482.671,39;31;"(R) Deducao da Receita para Formacao do FUNDEB - FPM";A;8;105
91718015000000000000;9.1.7.1.8.01.5.0.00.00.00;201;-20.000,00;0,00;0;"(R) Deducao da Cota-Parte do ITR";S;6;0
91718015100000000000;9.1.7.1.8.01.5.1.00.00.00;201;-20.000,00;0,00;0;"(R) Deducao da Receita do Imposto sobre a Propriedade Territorial Rural - ITR";S;7;0
91718015104000000000;9.1.7.1.8.01.5.1.04.00.00;201;-20.000,00;0,00;31;"(R) Deducao da Receita paraFormacao do FUNDEB - ITR";A;8;103
91718060000000000000;9.1.7.1.8.06.0.0.00.00.00;201;-9.242,28;-9.052,02;0;"(R) Deducao do ICMS Desoneracao";S;6;0
91718061000000000000;9.1.7.1.8.06.1.0.00.00.00;201;-9.242,28;-9.052,02;0;"(R) Deducao da Trasnferencia Financeira do ICMS - Desoneracao";S;6;0
91718061100000000000;9.1.7.1.8.06.1.1.00.00.00;201;-9.242,28;-9.052,02;0;"(R) Deducao da Receita do ICMS Desoneracao - LC 87/96";S;7;0
91718061104000000000;9.1.7.1.8.06.1.1.04.00.00;201;-9.242,28;0,00;31;"(R) Deducao da Receita para Formacao do FUNDEB - ICMS Desoneracao";A;8;103
91718061104000000000;9.1.7.1.8.06.1.1.04.00.00;201;0,00;-9.052,02;31;"(R) Deducao da Receita para Formacao do FUNDEB - ICMS Desoneracao";A;8;105
91720000000000000000;9.1.7.2.0.00.0.0.00.00.00;201;-1.647.697,47;-1.767.488,23;0;"(R) Deducao das Trasnferencias dos Estados e do DF e de suas Entidades";S;4;0
91728000000000000000;9.1.7.2.8.00.0.0.00.00.00;201;-1.647.697,47;-1.767.488,23;0;"(R) Deducao da Receita de Transferencia do Estado";S;5;0
91728010000000000000;9.1.7.2.8.01.0.0.00.00.00;201;-1.647.697,47;-1.762.488,23;0;"(R) Deducao da Receita de Participacao na Receita do Estado";S;6;0
91728011000000000000;9.1.7.2.8.01.1.0.00.00.00;201;-1.534.182,53;-1.626.271,67;0;"(R) Deducao da Cota-Parte do ICMS";S;6;0
91728011100000000000;9.1.7.2.8.01.1.1.00.00.00;201;-1.534.182,53;-1.626.271,67;0;"(R) Deducao da Receita de ICMS";S;7;0
91728011104000000000;9.1.7.2.8.01.1.1.04.00.00;201;-1.534.182,53;0,00;31;"(R) Deducao da Receita para Formacao do FUNDEB - ICMS";A;8;103
91728011104000000000;9.1.7.2.8.01.1.1.04.00.00;201;0,00;-1.626.271,67;31;"(R) Deducao da Receita para Formacao do FUNDEB - ICMS";A;8;105
91728012000000000000;9.1.7.2.8.01.2.0.00.00.00;201;-91.987,97;-112.463,50;0;"(R) Deducao da Cota-Parte do IPVA";S;6;0
91728012100000000000;9.1.7.2.8.01.2.1.00.00.00;201;-91.987,97;-112.463,50;0;"(R) Deducao da Receita da Cota-Parte do IPVA";S;7;0
91728012104000000000;9.1.7.2.8.01.2.1.04.00.00;201;-91.987,97;0,00;31;"(R) Deducao da Receita para Formacao do FUNDEB - IPVA";A;8;103
91728012104000000000;9.1.7.2.8.01.2.1.04.00.00;201;0,00;-112.463,50;31;"(R) Deducao da Receita para Formacao do FUNDEB - IPVA";A;8;105
91728013000000000000;9.1.7.2.8.01.3.0.00.00.00;201;-21.526,97;-23.753,06;0;"(R) Deducao da Cota-Parte do IPI-Municipios";S;6;0
91728013100000000000;9.1.7.2.8.01.3.1.00.00.00;201;-21.526,97;-23.753,06;0;"(R) Deducao da Receita do IPI/Exportacao";S;7;0
91728013104000000000;9.1.7.2.8.01.3.1.04.00.00;201;-21.526,97;0,00;31;"(R) Deducao da Receita para Formacao do FUNDEB - IPI/Exportacao";A;8;103
91728013104000000000;9.1.7.2.8.01.3.1.04.00.00;201;0,00;-23.753,06;31;"(R) Deducao da Receita para Formacao do FUNDEB - IPI/Exportacao";A;8;105
91728100000000000000;9.1.7.2.8.10.0.0.00.00.00;201;0,00;-5.000,00;0;"(R)Transferencia de Convenios dos Estados e do Distrito Federal e de Suas Entidades";S;5;0
91728102000000000000;9.1.7.2.8.10.2.0.00.00.00;201;0,00;-5.000,00;0;"(R)Transferencias de Convenio dos Estados Destinadas a Programas de Educacao";S;6;0
91728102100000000000;9.1.7.2.8.10.2.1.00.00.00;201;0,00;-5.000,00;0;"(R)Transferencias de Convenio dos Estados Destinadas a Programas de Educacao - Principal";S;7;0
91728102101000000000;9.1.7.2.8.10.2.1.01.00.00;201;0,00;-5.000,00;0;"(R)Transferencias de Convenios para o Transporte Escolar - Principal";S;8;0
91728102101010000000;9.1.7.2.8.10.2.1.01.01.00;201;0,00;-5.000,00;1017;"(R)PEATE RS";A;8;109
92000000000000000000;9.2.0.0.0.00.0.0.00.00.00;201;0,00;-33.369,22;0;"( R ) DEDUcoES DA RECEITA DE CAPITAL";S;2;0
92400000000000000000;9.2.4.0.0.00.0.0.00.00.00;201;0,00;-31.850,00;0;"(R)Transferencias de Capital";S;3;0
92410000000000000000;9.2.4.1.0.00.0.0.00.00.00;201;0,00;-31.850,00;0;"(R)Transferencias da Uniao e de suas Entidades";S;4;0
92418000000000000000;9.2.4.1.8.00.0.0.00.00.00;201;0,00;-31.850,00;0;"(R)Transferencias da Uniao";S;5;0
92418100000000000000;9.2.4.1.8.10.0.0.00.00.00;201;0,00;-31.850,00;0;"(R)Transferencia de Convenios da Uniao e de suas Entidades";S;5;0
92418109000000000000;9.2.4.1.8.10.9.0.00.00.00;201;0,00;-31.850,00;0;"(R)Outras Transferencias de Convenios da Uniao";S;6;0
92418109100000000000;9.2.4.1.8.10.9.1.00.00.00;201;0,00;-31.850,00;0;"(R)Outras Transferencias de Convenios da Uniao - Principal";S;7;0
92418109101000000000;9.2.4.1.8.10.9.1.01.00.00;201;0,00;-31.850,00;1204;"(R)PATRULHA AGRICOLA CONV852132/2017 SICONV903732017 CR1044846-23MAPA RV1204";A;8;109
92900000000000000000;9.2.9.0.0.00.0.0.00.00.00;201;0,00;-1.519,22;0;"(R)Outras Receitas de Capital";S;3;0
92990000000000000000;9.2.9.9.0.00.0.0.00.00.00;201;0,00;-1.519,22;0;"(R)Demais Receitas de Capital";S;4;0
92990001000000000000;9.2.9.9.0.00.1.0.00.00.00;201;0,00;-1.519,22;0;"(R)Demais Receitas de Capital";S;6;0
92990001100000000000;9.2.9.9.0.00.1.1.00.00.00;201;0,00;-1.519,22;0;"(R)Demais Receitas de Capital - Principal";S;7;0
92990001102000000000;9.2.9.9.0.00.1.1.02.00.00;201;0,00;-1.519,22;0;"(R)Remuneracao de Depositos Bancarios - Principal";S;8;0
92990001102020000000;9.2.9.9.0.00.1.1.02.02.00;201;0,00;-184,81;1204;"(R)REND. PATRULHA AGRICOLA CONV852132/2017 SICONV903732017 CR1044846-23MAPA RV1204";A;8;109
92990001102030000000;9.2.9.9.0.00.1.1.02.03.00;201;0,00;-1.334,41;1204;"(R)POUP PATRULHA AGRICOLA CONV852132/2017 SICONV903732017 CR1044846-23MAPA RV1204";A;8;109
